4.99768e+00,-3.79173e+05,2.85339e+04,-3.33446e+05
4.99290e+00,-2.93321e+05,2.85350e+04,-3.35015e+05
4.98812e+00,-6.33750e+05,2.85364e+04,-3.36704e+05
4.98334e+00,-1.99840e+05,2.85378e+04,-3.38370e+05
4.97856e+00,-5.10799e+05,2.85395e+04,-3.40069e+05
4.97378e+00,-3.08689e+05,2.85413e+04,-3.41834e+05
4.96900e+00,-5.22834e+05,2.85432e+04,-3.43737e+05
4.96422e+00,-2.71308e+04,2.85453e+04,-3.45611e+05
4.95944e+00,-5.07044e+04,2.85476e+04,-3.47413e+05
4.95466e+00,-4.28363e+05,2.85500e+04,-3.49216e+05
4.94989e+00,-4.54152e+05,2.85526e+04,-3.51191e+05
4.94511e+00,-4.38386e+05,2.85553e+04,-3.52989e+05
4.94033e+00,-2.37709e+05,2.85582e+04,-3.54709e+05
4.93555e+00,-3.28059e+05,2.85613e+04,-3.56329e+05
4.93077e+00,-2.51034e+05,2.85644e+04,-3.58051e+05
4.92599e+00,-1.61856e+05,2.85678e+04,-3.59682e+05
4.92121e+00,-1.31065e+05,2.85712e+04,-3.61530e+05
4.91643e+00,-5.07146e+05,2.85748e+04,-3.63191e+05
4.91165e+00,-7.88803e+05,2.85786e+04,-3.64369e+05
4.90687e+00,-4.15060e+05,2.85825e+04,-3.65713e+05
4.90210e+00,-2.82839e+05,2.85865e+04,-3.67682e+05
4.89732e+00,-2.48624e+05,2.85906e+04,-3.69692e+05
4.89254e+00,-2.86669e+05,2.85949e+04,-3.71501e+05
4.88776e+00,-2.59333e+05,2.85992e+04,-3.73219e+05
4.88298e+00,-2.34596e+05,2.86037e+04,-3.74937e+05
4.87820e+00,-3.32819e+05,2.86083e+04,-3.76766e+05
4.87342e+00,-3.29393e+05,2.86130e+04,-3.78794e+05
4.86864e+00,-3.64807e+05,2.86178e+04,-3.80938e+05
4.86386e+00,-3.69288e+05,2.86227e+04,-3.83231e+05
4.85908e+00,-3.67801e+05,2.86276e+04,-3.85588e+05
4.85430e+00,-1.09615e+05,2.86327e+04,-3.87954e+05
4.84953e+00,-8.02088e+05,2.86378e+04,-3.90043e+05
4.84475e+00,-3.31311e+05,2.86430e+04,-3.92076e+05
4.83997e+00,-2.36823e+05,2.86482e+04,-3.94281e+05
4.83519e+00,-1.23469e+05,2.86535e+04,-3.96489e+05
4.83041e+00,-5.20280e+05,2.86589e+04,-3.98850e+05
4.82563e+00,-3.72794e+05,2.86642e+04,-4.01087e+05
4.82085e+00,-4.02926e+05,2.86696e+04,-4.03441e+05
4.81607e+00,-6.75885e+05,2.86750e+04,-4.05743e+05
4.81129e+00,-4.97377e+05,2.86803e+04,-4.07990e+05
4.80651e+00,1.81011e+04,2.86857e+04,-4.10360e+05
4.80173e+00,-5.36857e+05,2.86910e+04,-4.12775e+05
4.79696e+00,-2.13223e+04,2.86962e+04,-4.15314e+05
4.79218e+00,-5.43846e+05,2.87014e+04,-4.17921e+05
4.78740e+00,2.75146e+04,2.87066e+04,-4.20623e+05
4.78262e+00,-2.95101e+05,2.87116e+04,-4.23181e+05
4.77784e+00,-7.03569e+05,2.87165e+04,-4.25799e+05
4.77306e+00,-7.44138e+05,2.87212e+04,-4.28325e+05
4.76828e+00,-4.43786e+05,2.87259e+04,-4.30833e+05
4.76350e+00,-1.07026e+05,2.87303e+04,-4.33329e+05
4.75872e+00,-3.86006e+05,2.87346e+04,-4.35706e+05
4.75394e+00,-3.18295e+05,2.87386e+04,-4.38071e+05
4.74917e+00,-5.10499e+05,2.87425e+04,-4.40447e+05
4.74439e+00,-4.13466e+05,2.87461e+04,-4.42797e+05
4.73961e+00,-3.90953e+05,2.87495e+04,-4.45475e+05
4.73483e+00,-5.58097e+05,2.87527e+04,-4.48259e+05
4.73005e+00,-3.75884e+05,2.87556e+04,-4.51268e+05
4.72527e+00,-4.42303e+05,2.87582e+04,-4.54245e+05
4.72049e+00,-3.21171e+05,2.87606e+04,-4.57268e+05
4.71571e+00,-4.18070e+05,2.87627e+04,-4.60337e+05
4.71093e+00,-7.23440e+05,2.87646e+04,-4.63238e+05
4.70615e+00,-2.50008e+05,2.87662e+04,-4.66211e+05
4.70137e+00,-2.27914e+05,2.87675e+04,-4.69244e+05
4.69660e+00,-4.30464e+05,2.87685e+04,-4.72223e+05
4.69182e+00,-5.84883e+05,2.87693e+04,-4.75270e+05
4.68704e+00,-6.02302e+05,2.87698e+04,-4.78300e+05
4.68226e+00,-7.96390e+05,2.87698e+04,-4.81377e+05
4.67748e+00,-1.43974e+05,2.87695e+04,-4.84441e+05
4.67270e+00,7.06823e+05,2.87687e+04,-4.87449e+05
4.66792e+00,-7.15458e+05,2.87672e+04,-4.90614e+05
4.66314e+00,-1.77962e+06,2.87651e+04,-4.94031e+05
4.65836e+00,-5.91105e+05,2.87620e+04,-4.97575e+05
4.65358e+00,2.35751e+05,2.87577e+04,-5.01055e+05
4.64881e+00,-5.58239e+04,2.87522e+04,-5.04572e+05
4.64403e+00,-4.53193e+05,2.87450e+04,-5.08092e+05
4.63925e+00,-6.74975e+05,2.87358e+04,-5.11618e+05
4.63447e+00,-6.84063e+05,2.87243e+04,-5.15250e+05
4.62969e+00,-6.60605e+05,2.87101e+04,-5.18864e+05
4.62491e+00,-5.97899e+05,2.86926e+04,-5.22446e+05
4.62013e+00,-4.56287e+05,2.86715e+04,-5.26045e+05
4.61535e+00,-2.82030e+05,2.86462e+04,-5.29826e+05
4.61057e+00,-4.37376e+04,2.86161e+04,-5.33805e+05
4.60579e+00,-2.90327e+05,2.85805e+04,-5.37720e+05
4.60101e+00,-9.98228e+05,2.85389e+04,-5.41918e+05
4.59624e+00,-4.14930e+05,2.84905e+04,-5.46154e+05
4.59146e+00,-8.63159e+05,2.84345e+04,-5.50294e+05
4.58668e+00,-4.90692e+05,2.83702e+04,-5.54426e+05
4.58190e+00,-4.43550e+05,2.82967e+04,-5.58678e+05
4.57712e+00,-3.76851e+05,2.82131e+04,-5.62903e+05
4.57234e+00,-2.30003e+05,2.81184e+04,-5.67312e+05
4.56756e+00,-4.59335e+05,2.80116e+04,-5.71892e+05
4.56278e+00,-8.06171e+05,2.78917e+04,-5.76603e+05
4.55800e+00,-1.01523e+06,2.77575e+04,-5.81033e+05
4.55322e+00,-5.84200e+05,2.76078e+04,-5.85532e+05
4.54845e+00,-4.17684e+05,2.74415e+04,-5.89881e+05
4.54367e+00,-3.45862e+05,2.72573e+04,-5.94288e+05
4.53889e+00,-6.45408e+05,2.70539e+04,-5.98536e+05
4.53411e+00,-5.44625e+05,2.68302e+04,-6.02728e+05
4.52933e+00,-5.20025e+05,2.65850e+04,-6.07128e+05
4.52455e+00,-4.96579e+05,2.63172e+04,-6.11677e+05
4.51977e+00,-3.18757e+05,2.60259e+04,-6.16294e+05
4.51499e+00,-5.97012e+05,2.57102e+04,-6.20853e+05
4.51021e+00,-4.68470e+05,2.53696e+04,-6.25391e+05
4.50543e+00,-4.77204e+05,2.50038e+04,-6.30054e+05
4.50065e+00,-8.89944e+05,2.46129e+04,-6.34832e+05
4.49588e+00,-8.62163e+05,2.41974e+04,-6.39636e+05
4.49110e+00,-8.09346e+05,2.37581e+04,-6.44500e+05
4.48632e+00,-4.73763e+05,2.32966e+04,-6.49501e+05
4.48154e+00,-4.29988e+05,2.28150e+04,-6.54595e+05
4.47676e+00,-9.35121e+05,2.23162e+04,-6.59783e+05
4.47198e+00,-4.64472e+05,2.18037e+04,-6.65064e+05
4.46720e+00,-5.99972e+05,2.12821e+04,-6.70497e+05
4.46242e+00,-5.55823e+05,2.07567e+04,-6.76114e+05
4.45764e+00,-3.38330e+05,2.02338e+04,-6.81853e+05
4.45286e+00,-8.00873e+05,1.97207e+04,-6.87669e+05
4.44808e+00,-5.38536e+05,1.92257e+04,-6.93644e+05
4.44331e+00,-7.59302e+05,1.87581e+04,-6.99862e+05
4.43853e+00,-7.24700e+05,1.83281e+04,-7.06278e+05
4.43375e+00,-6.72843e+05,1.79466e+04,-7.12933e+05
4.42897e+00,-7.53647e+05,1.76254e+04,-7.19563e+05
4.42419e+00,-6.77459e+05,1.73769e+04,-7.25724e+05
4.41941e+00,-7.96502e+05,1.72135e+04,-7.31924e+05
4.41463e+00,-5.29532e+05,1.71481e+04,-7.38882e+05
4.40985e+00,-7.86943e+05,1.71932e+04,-7.45940e+05
4.40507e+00,-6.82353e+05,1.73609e+04,-7.52784e+05
4.40029e+00,-7.22104e+05,1.76623e+04,-7.59570e+05
4.39552e+00,-9.67058e+05,1.81075e+04,-7.66306e+05
4.39074e+00,-6.11354e+05,1.87052e+04,-7.73183e+05
4.38596e+00,-5.92514e+05,1.94620e+04,-7.80119e+05
4.38118e+00,-6.69138e+05,2.03826e+04,-7.87072e+05
4.37640e+00,-1.01530e+06,2.14693e+04,-7.94030e+05
4.37162e+00,-1.05664e+06,2.27218e+04,-8.01046e+05
4.36684e+00,-7.72150e+05,2.41374e+04,-8.07970e+05
4.36206e+00,-8.14739e+05,2.57105e+04,-8.14728e+05
4.35728e+00,-7.76034e+05,2.74328e+04,-8.21266e+05
4.35250e+00,-5.96073e+05,2.92937e+04,-8.27928e+05
4.34772e+00,-8.99399e+05,3.12799e+04,-8.34504e+05
4.34295e+00,-7.81211e+05,3.33765e+04,-8.41177e+05
4.33817e+00,-6.23294e+05,3.55665e+04,-8.47679e+05
4.33339e+00,-1.04147e+06,3.78317e+04,-8.54028e+05
4.32861e+00,-7.53536e+05,4.01528e+04,-8.60229e+05
4.32383e+00,-8.49903e+05,4.25104e+04,-8.66201e+05
4.31905e+00,-5.05366e+05,4.48845e+04,-8.71991e+05
4.31427e+00,-6.96257e+05,4.72561e+04,-8.77645e+05
4.30949e+00,-7.53111e+05,4.96067e+04,-8.83399e+05
4.30471e+00,-6.79416e+05,5.19191e+04,-8.88978e+05
4.29993e+00,-7.96604e+05,5.41777e+04,-8.94402e+05
4.29516e+00,-6.98970e+05,5.63688e+04,-8.99474e+05
4.29038e+00,-8.53275e+05,5.84809e+04,-9.04427e+05
4.28560e+00,-6.96163e+05,6.05046e+04,-9.09162e+05
4.28082e+00,-8.30317e+05,6.24329e+04,-9.13795e+05
4.27604e+00,-9.10009e+05,6.42614e+04,-9.18161e+05
4.27126e+00,-7.17952e+05,6.59879e+04,-9.22111e+05
4.26648e+00,-1.09916e+06,6.76125e+04,-9.25697e+05
4.26170e+00,-8.95853e+05,6.91376e+04,-9.28915e+05
4.25692e+00,-8.08550e+05,7.05675e+04,-9.31619e+05
4.25214e+00,-9.16940e+05,7.19086e+04,-9.34123e+05
4.24736e+00,-9.15835e+05,7.31686e+04,-9.36431e+05
4.24259e+00,-1.01661e+06,7.43569e+04,-9.38474e+05
4.23781e+00,-9.62613e+05,7.54841e+04,-9.40039e+05
4.23303e+00,-1.08741e+06,7.65621e+04,-9.41339e+05
4.22825e+00,-1.12620e+06,7.76037e+04,-9.42480e+05
4.22347e+00,-8.97347e+05,7.86224e+04,-9.43219e+05
4.21869e+00,-1.25209e+06,7.96328e+04,-9.43595e+05
4.21391e+00,-1.19023e+06,8.06502e+04,-9.43641e+05
4.20913e+00,-1.16673e+06,8.16906e+04,-9.43259e+05
4.20435e+00,-1.20622e+06,8.27712e+04,-9.42690e+05
4.19957e+00,-1.09982e+06,8.39097e+04,-9.41896e+05
4.19480e+00,-1.00687e+06,8.51251e+04,-9.40882e+05
4.19002e+00,-1.11468e+06,8.64375e+04,-9.39486e+05
4.18524e+00,-1.04062e+06,8.78685e+04,-9.37796e+05
4.18046e+00,-6.98988e+05,8.94411e+04,-9.35870e+05
4.17568e+00,-1.16234e+06,9.11803e+04,-9.33500e+05
4.17090e+00,-9.75447e+05,9.31131e+04,-9.30745e+05
4.16612e+00,-1.15379e+06,9.52692e+04,-9.27576e+05
4.16134e+00,-1.20042e+06,9.76811e+04,-9.23959e+05
4.15656e+00,-8.32141e+05,1.00385e+05,-9.19862e+05
4.15178e+00,-1.02005e+06,1.03420e+05,-9.15229e+05
4.14700e+00,-8.52962e+05,1.06832e+05,-9.10463e+05
4.14223e+00,-7.96110e+05,1.10670e+05,-9.05194e+05
4.13745e+00,-8.44450e+05,1.14992e+05,-8.99313e+05
4.13267e+00,-1.10453e+06,1.19861e+05,-8.92994e+05
4.12789e+00,-9.71409e+05,1.25352e+05,-8.86385e+05
4.12311e+00,-1.06249e+06,1.31547e+05,-8.79630e+05
4.11833e+00,-7.08023e+05,1.38541e+05,-8.72569e+05
4.11355e+00,-7.30158e+05,1.46442e+05,-8.65147e+05
4.10877e+00,-8.76220e+05,1.55371e+05,-8.57271e+05
4.10399e+00,-8.16242e+05,1.65468e+05,-8.48925e+05
4.09921e+00,-6.27619e+05,1.76885e+05,-8.40272e+05
4.09443e+00,-7.09012e+05,1.89795e+05,-8.31132e+05
4.08966e+00,-7.86434e+05,2.04384e+05,-8.21662e+05
4.08488e+00,-7.59698e+05,2.20858e+05,-8.11999e+05
4.08010e+00,-6.21997e+05,2.39434e+05,-8.01808e+05
4.07532e+00,-3.61671e+05,2.60342e+05,-7.91368e+05
4.07054e+00,-6.41750e+05,2.83819e+05,-7.80417e+05
4.06576e+00,-4.73930e+05,3.10104e+05,-7.69113e+05
4.06098e+00,-6.66777e+05,3.39430e+05,-7.57406e+05
4.05620e+00,-3.01853e+05,3.72018e+05,-7.45364e+05
4.05142e+00,-4.67888e+05,4.08067e+05,-7.33118e+05
4.04664e+00,-3.27947e+05,4.47744e+05,-7.20669e+05
4.04187e+00,-5.68721e+05,4.91174e+05,-7.08047e+05
4.03709e+00,-2.00375e+05,5.38432e+05,-6.95092e+05
4.03231e+00,-2.64386e+04,5.89528e+05,-6.81946e+05
4.02753e+00,1.91692e+05,6.44404e+05,-6.68494e+05
4.02275e+00,1.19323e+05,7.02924e+05,-6.54675e+05
4.01797e+00,4.93151e+05,7.64870e+05,-6.40648e+05
4.01319e+00,3.04497e+05,8.29938e+05,-6.26408e+05
4.00841e+00,3.29643e+05,8.97739e+05,-6.12108e+05
4.00363e+00,4.84431e+05,9.67801e+05,-5.97596e+05
3.99885e+00,6.68775e+05,1.03958e+06,-5.82805e+05
3.99407e+00,2.44011e+05,1.11245e+06,-5.67880e+05
3.98930e+00,5.95758e+05,1.18574e+06,-5.52773e+05
3.98452e+00,7.07416e+05,1.25874e+06,-5.37539e+05
3.97974e+00,8.30647e+05,1.33069e+06,-5.22166e+05
3.97496e+00,7.86488e+05,1.40085e+06,-5.06567e+05
3.97018e+00,8.41541e+05,1.46846e+06,-4.90870e+05
3.96540e+00,8.62290e+05,1.53280e+06,-4.75120e+05
3.96062e+00,7.37456e+05,1.59319e+06,-4.59387e+05
3.95584e+00,1.01078e+06,1.64901e+06,-4.43625e+05
3.95106e+00,1.36350e+06,1.69972e+06,-4.27797e+05
3.94628e+00,1.17726e+06,1.74488e+06,-4.11754e+05
3.94151e+00,1.17809e+06,1.78418e+06,-3.95670e+05
3.93673e+00,1.57696e+06,1.81742e+06,-3.79579e+05
3.93195e+00,1.60134e+06,1.84453e+06,-3.63449e+05
3.92717e+00,1.42621e+06,1.86560e+06,-3.47286e+05
3.92239e+00,1.77200e+06,1.88084e+06,-3.31211e+05
3.91761e+00,1.75610e+06,1.89063e+06,-3.15376e+05
3.91283e+00,1.92578e+06,1.89546e+06,-2.99584e+05
3.90805e+00,1.32937e+06,1.89595e+06,-2.83734e+05
3.90327e+00,1.76336e+06,1.89281e+06,-2.67887e+05
3.89849e+00,1.97908e+06,1.88682e+06,-2.52016e+05
3.89371e+00,1.69293e+06,1.87881e+06,-2.36134e+05
3.88894e+00,1.73235e+06,1.86962e+06,-2.20219e+05
3.88416e+00,1.47371e+06,1.86005e+06,-2.04381e+05
3.87938e+00,1.53274e+06,1.85085e+06,-1.88672e+05
3.87460e+00,1.70123e+06,1.84267e+06,-1.73123e+05
3.86982e+00,1.86350e+06,1.83607e+06,-1.57625e+05
3.86504e+00,1.73485e+06,1.83142e+06,-1.42004e+05
3.86026e+00,1.70964e+06,1.82897e+06,-1.26373e+05
3.85548e+00,1.98933e+06,1.82879e+06,-1.10881e+05
3.85070e+00,1.52369e+06,1.83080e+06,-9.54312e+04
3.84592e+00,1.67553e+06,1.83475e+06,-8.01656e+04
3.84115e+00,2.12484e+06,1.84026e+06,-6.50605e+04
3.83637e+00,1.66002e+06,1.84686e+06,-5.00894e+04
3.83159e+00,1.89911e+06,1.85397e+06,-3.52409e+04
3.82681e+00,1.78873e+06,1.86097e+06,-2.03642e+04
3.82203e+00,1.98098e+06,1.86723e+06,-5.55506e+03
3.81725e+00,1.79481e+06,1.87213e+06,9.25295e+03
3.81247e+00,1.66465e+06,1.87509e+06,2.37882e+04
3.80769e+00,1.59403e+06,1.87558e+06,3.83886e+04
3.80291e+00,1.70800e+06,1.87320e+06,5.28914e+04
3.79813e+00,1.91021e+06,1.86760e+06,6.72497e+04
3.79335e+00,1.76362e+06,1.85858e+06,8.14201e+04
3.78858e+00,2.10014e+06,1.84602e+06,9.54092e+04
3.78380e+00,2.05339e+06,1.82993e+06,1.09253e+05
3.77902e+00,2.10345e+06,1.81042e+06,1.22987e+05
3.77424e+00,1.92349e+06,1.78769e+06,1.36493e+05
3.76946e+00,1.51210e+06,1.76202e+06,1.49838e+05
3.76468e+00,1.94796e+06,1.73376e+06,1.62977e+05
3.75990e+00,2.08330e+06,1.70332e+06,1.75790e+05
3.75512e+00,1.88002e+06,1.67114e+06,1.88451e+05
3.75034e+00,1.92493e+06,1.63768e+06,2.00885e+05
3.74556e+00,1.92858e+06,1.60343e+06,2.12808e+05
3.74078e+00,1.98970e+06,1.56886e+06,2.24421e+05
3.73601e+00,1.94457e+06,1.53443e+06,2.35916e+05
3.73123e+00,2.02271e+06,1.50058e+06,2.47031e+05
3.72645e+00,1.87153e+06,1.46770e+06,2.57881e+05
3.72167e+00,1.69790e+06,1.43616e+06,2.68437e+05
3.71689e+00,1.83592e+06,1.40627e+06,2.78685e+05
3.71211e+00,1.81681e+06,1.37827e+06,2.88498e+05
3.70733e+00,2.03989e+06,1.35238e+06,2.98009e+05
3.70255e+00,1.79318e+06,1.32872e+06,3.07304e+05
3.69777e+00,1.65900e+06,1.30741e+06,3.16251e+05
3.69299e+00,1.40155e+06,1.28847e+06,3.24818e+05
3.68822e+00,1.86624e+06,1.27191e+06,3.33176e+05
3.68344e+00,1.44771e+06,1.25768e+06,3.41264e+05
3.67866e+00,1.32528e+06,1.24571e+06,3.49026e+05
3.67388e+00,1.81140e+06,1.23590e+06,3.56648e+05
3.66910e+00,1.68549e+06,1.22812e+06,3.64165e+05
3.66432e+00,1.77183e+06,1.22225e+06,3.71628e+05
3.65954e+00,1.69250e+06,1.21813e+06,3.78663e+05
3.65476e+00,1.64201e+06,1.21560e+06,3.85482e+05
3.64998e+00,1.77130e+06,1.21451e+06,3.92189e+05
3.64520e+00,1.83574e+06,1.21465e+06,3.98529e+05
3.64042e+00,1.63091e+06,1.21583e+06,4.04534e+05
3.63565e+00,1.69890e+06,1.21783e+06,4.10099e+05
3.63087e+00,1.61184e+06,1.22040e+06,4.15236e+05
3.62609e+00,2.04396e+06,1.22329e+06,4.19950e+05
3.62131e+00,1.99730e+06,1.22619e+06,4.24404e+05
3.61653e+00,1.66234e+06,1.22880e+06,4.28508e+05
3.61175e+00,1.72476e+06,1.23077e+06,4.32270e+05
3.60697e+00,1.55154e+06,1.23178e+06,4.35953e+05
3.60219e+00,1.72366e+06,1.23146e+06,4.39202e+05
3.59741e+00,1.79740e+06,1.22950e+06,4.42168e+05
3.59263e+00,1.72832e+06,1.22557e+06,4.44789e+05
3.58786e+00,1.83047e+06,1.21939e+06,4.47047e+05
3.58308e+00,1.95305e+06,1.21073e+06,4.48977e+05
3.57830e+00,1.96992e+06,1.19940e+06,4.50597e+05
3.57352e+00,1.63496e+06,1.18530e+06,4.51927e+05
3.56874e+00,2.02721e+06,1.16838e+06,4.53000e+05
3.56396e+00,1.89555e+06,1.14866e+06,4.53567e+05
3.55918e+00,1.70297e+06,1.12624e+06,4.53591e+05
3.55440e+00,1.89966e+06,1.10128e+06,4.53198e+05
3.54962e+00,1.59316e+06,1.07399e+06,4.52537e+05
3.54484e+00,1.54472e+06,1.04465e+06,4.51553e+05
3.54006e+00,1.45416e+06,1.01356e+06,4.50290e+05
3.53529e+00,1.32904e+06,9.81054e+05,4.48955e+05
3.53051e+00,1.15292e+06,9.47478e+05,4.47473e+05
3.52573e+00,1.30501e+06,9.13183e+05,4.45715e+05
3.52095e+00,1.08545e+06,8.78512e+05,4.43401e+05
3.51617e+00,1.35521e+06,8.43795e+05,4.40803e+05
3.51139e+00,1.08175e+06,8.09338e+05,4.38075e+05
3.50661e+00,9.66051e+05,7.75422e+05,4.35085e+05
3.50183e+00,1.10573e+06,7.42296e+05,4.31711e+05
3.49705e+00,1.46089e+06,7.10177e+05,4.27978e+05
3.49227e+00,8.48845e+05,6.79249e+05,4.24123e+05
3.48750e+00,1.20216e+06,6.49663e+05,4.19962e+05
3.48272e+00,1.14135e+06,6.21536e+05,4.15595e+05
3.47794e+00,1.15527e+06,5.94953e+05,4.11013e+05
3.47316e+00,1.06499e+06,5.69972e+05,4.06155e+05
3.46838e+00,1.12516e+06,5.46619e+05,4.01161e+05
3.46360e+00,9.99824e+05,5.24897e+05,3.96081e+05
3.45882e+00,9.55865e+05,5.04787e+05,3.90884e+05
3.45404e+00,9.21839e+05,4.86249e+05,3.85583e+05
3.44926e+00,9.20337e+05,4.69229e+05,3.80090e+05
3.44448e+00,7.93390e+05,4.53663e+05,3.74178e+05
3.43970e+00,8.73501e+05,4.39482e+05,3.68160e+05
3.43493e+00,9.39097e+05,4.26618e+05,3.61890e+05
3.43015e+00,1.04073e+06,4.15008e+05,3.55218e+05
3.42537e+00,9.88453e+05,4.04604e+05,3.48405e+05
3.42059e+00,8.03583e+05,3.95372e+05,3.41447e+05
3.41581e+00,8.17630e+05,3.87302e+05,3.34391e+05
3.41103e+00,8.24391e+05,3.80409e+05,3.27171e+05
3.40625e+00,5.68745e+05,3.74736e+05,3.19820e+05
3.40147e+00,6.01245e+05,3.70356e+05,3.12405e+05
3.39669e+00,6.34625e+05,3.67371e+05,3.04914e+05
3.39191e+00,6.01217e+05,3.65910e+05,2.97168e+05
3.38713e+00,4.45710e+05,3.66132e+05,2.89303e+05
3.38236e+00,6.32544e+05,3.68218e+05,2.81368e+05
3.37758e+00,5.79535e+05,3.72374e+05,2.73588e+05
3.37280e+00,6.34425e+05,3.78825e+05,2.66021e+05
3.36802e+00,9.25966e+05,3.87815e+05,2.58343e+05
3.36324e+00,6.62518e+05,3.99602e+05,2.50579e+05
3.35846e+00,8.56285e+05,4.14460e+05,2.42718e+05
3.35368e+00,3.04274e+05,4.32676e+05,2.34852e+05
3.34890e+00,7.65933e+05,4.54545e+05,2.26962e+05
3.34412e+00,6.37547e+05,4.80366e+05,2.19147e+05
3.33934e+00,8.27624e+05,5.10438e+05,2.11333e+05
3.33457e+00,7.19320e+05,5.45048e+05,2.03546e+05
3.32979e+00,1.02608e+06,5.84461e+05,1.95709e+05
3.32501e+00,6.77404e+05,6.28900e+05,1.87985e+05
3.32023e+00,7.21866e+05,6.78533e+05,1.80312e+05
3.31545e+00,9.27075e+05,7.33445e+05,1.72549e+05
3.31067e+00,1.09185e+06,7.93617e+05,1.64766e+05
3.30589e+00,1.17933e+06,8.58899e+05,1.57010e+05
3.30111e+00,9.88680e+05,9.28987e+05,1.49305e+05
3.29633e+00,1.52935e+06,1.00341e+06,1.41510e+05
3.29155e+00,1.37569e+06,1.08149e+06,1.33605e+05
3.28677e+00,1.34042e+06,1.16237e+06,1.25656e+05
3.28200e+00,1.21230e+06,1.24500e+06,1.17613e+05
3.27722e+00,1.40331e+06,1.32814e+06,1.09666e+05
3.27244e+00,1.63755e+06,1.41042e+06,1.01685e+05
3.26766e+00,1.60670e+06,1.49032e+06,9.39308e+04
3.26288e+00,1.33716e+06,1.56628e+06,8.60659e+04
3.25810e+00,1.41831e+06,1.63673e+06,7.81173e+04
3.25332e+00,1.88078e+06,1.70016e+06,7.00072e+04
3.24854e+00,1.54585e+06,1.75517e+06,6.21241e+04
3.24376e+00,1.68385e+06,1.80055e+06,5.42204e+04
3.23898e+00,1.80934e+06,1.83535e+06,4.64891e+04
3.23421e+00,1.83835e+06,1.85889e+06,3.86676e+04
3.22943e+00,1.96646e+06,1.87085e+06,3.10288e+04
3.22465e+00,2.05196e+06,1.87123e+06,2.34609e+04
3.21987e+00,1.72117e+06,1.86040e+06,1.60065e+04
3.21509e+00,1.93555e+06,1.83904e+06,8.72176e+03
3.21031e+00,1.82298e+06,1.80818e+06,1.62479e+03
3.20553e+00,1.53245e+06,1.76906e+06,-5.39765e+03
3.20075e+00,1.65503e+06,1.72315e+06,-1.23213e+04
3.19597e+00,1.68599e+06,1.67206e+06,-1.91529e+04
3.19119e+00,1.41348e+06,1.61746e+06,-2.59274e+04
3.18641e+00,1.39862e+06,1.56107e+06,-3.25233e+04
3.18164e+00,1.43865e+06,1.50453e+06,-3.88594e+04
3.17686e+00,1.37788e+06,1.44943e+06,-4.49981e+04
3.17208e+00,1.24413e+06,1.39722e+06,-5.09130e+04
3.16730e+00,1.29988e+06,1.34922e+06,-5.64715e+04
3.16252e+00,1.25654e+06,1.30659e+06,-6.16866e+04
3.15774e+00,1.11282e+06,1.27034e+06,-6.67017e+04
3.15296e+00,8.99275e+05,1.24136e+06,-7.16119e+04
3.14818e+00,1.08303e+06,1.22037e+06,-7.63346e+04
3.14340e+00,1.24612e+06,1.20798e+06,-8.08555e+04
3.13862e+00,1.27357e+06,1.20470e+06,-8.54198e+04
3.13385e+00,1.43587e+06,1.21093e+06,-8.98402e+04
3.12907e+00,1.09409e+06,1.22692e+06,-9.41049e+04
3.12429e+00,1.09121e+06,1.25284e+06,-9.81400e+04
3.11951e+00,1.26793e+06,1.28866e+06,-1.01958e+05
3.11473e+00,1.31515e+06,1.33421e+06,-1.05410e+05
3.10995e+00,1.24041e+06,1.38907e+06,-1.08598e+05
3.10517e+00,1.56276e+06,1.45259e+06,-1.11830e+05
3.10039e+00,1.35165e+06,1.52386e+06,-1.14783e+05
3.09561e+00,1.34064e+06,1.60165e+06,-1.17448e+05
3.09083e+00,1.21523e+06,1.68447e+06,-1.19905e+05
3.08605e+00,1.94948e+06,1.77053e+06,-1.22166e+05
3.08128e+00,1.48375e+06,1.85781e+06,-1.24072e+05
3.07650e+00,1.36696e+06,1.94410e+06,-1.25873e+05
3.07172e+00,1.75451e+06,2.02707e+06,-1.27647e+05
3.06694e+00,1.69159e+06,2.10437e+06,-1.29182e+05
3.06216e+00,2.07598e+06,2.17374e+06,-1.30467e+05
3.05738e+00,1.84292e+06,2.23305e+06,-1.31549e+05
3.05260e+00,1.88990e+06,2.28051e+06,-1.32439e+05
3.04782e+00,2.14087e+06,2.31464e+06,-1.32981e+05
3.04304e+00,2.18348e+06,2.33445e+06,-1.33111e+05
3.03826e+00,2.38310e+06,2.33940e+06,-1.32976e+05
3.03348e+00,2.27222e+06,2.32949e+06,-1.32596e+05
3.02871e+00,2.47457e+06,2.30523e+06,-1.31994e+05
3.02393e+00,1.94978e+06,2.26760e+06,-1.31231e+05
3.01915e+00,2.02290e+06,2.21800e+06,-1.30256e+05
3.01437e+00,1.61058e+06,2.15817e+06,-1.29180e+05
3.00959e+00,1.95799e+06,2.09010e+06,-1.28016e+05
3.00481e+00,1.92715e+06,2.01590e+06,-1.26751e+05
3.00003e+00,1.85713e+06,1.93771e+06,-1.25469e+05
2.99525e+00,1.24049e+06,1.85759e+06,-1.24037e+05
2.99047e+00,1.67984e+06,1.77745e+06,-1.22603e+05
2.98569e+00,1.41541e+06,1.69894e+06,-1.21163e+05
2.98092e+00,1.33097e+06,1.62343e+06,-1.19505e+05
2.97614e+00,1.46696e+06,1.55197e+06,-1.17551e+05
2.97136e+00,1.44746e+06,1.48526e+06,-1.15685e+05
2.96658e+00,1.14849e+06,1.42368e+06,-1.13632e+05
2.96180e+00,1.11363e+06,1.36734e+06,-1.11377e+05
2.95702e+00,1.14590e+06,1.31607e+06,-1.09162e+05
2.95224e+00,9.17645e+05,1.26953e+06,-1.06863e+05
2.94746e+00,1.03940e+06,1.22721e+06,-1.04470e+05
2.94268e+00,1.04549e+06,1.18852e+06,-1.02024e+05
2.93790e+00,9.07405e+05,1.15285e+06,-9.95174e+04
2.93312e+00,1.09331e+06,1.11958e+06,-9.70266e+04
2.92835e+00,1.30764e+06,1.08812e+06,-9.44350e+04
2.92357e+00,1.22482e+06,1.05799e+06,-9.17344e+04
2.91879e+00,1.13319e+06,1.02875e+06,-8.88949e+04
2.91401e+00,8.56842e+05,1.00009e+06,-8.59596e+04
2.90923e+00,9.56756e+05,9.71774e+05,-8.30185e+04
2.90445e+00,9.81243e+05,9.43680e+05,-8.00054e+04
2.89967e+00,5.82847e+05,9.15748e+05,-7.68034e+04
2.89489e+00,7.56288e+05,8.87992e+05,-7.34822e+04
2.89011e+00,8.01890e+05,8.60484e+05,-6.99702e+04
2.88533e+00,8.73568e+05,8.33333e+05,-6.61746e+04
2.88056e+00,5.30851e+05,8.06679e+05,-6.22495e+04
2.87578e+00,1.08502e+06,7.80679e+05,-5.82960e+04
2.87100e+00,6.59170e+05,7.55494e+05,-5.41525e+04
2.86622e+00,5.47780e+05,7.31288e+05,-4.97976e+04
2.86144e+00,7.65473e+05,7.08215e+05,-4.54852e+04
2.85666e+00,9.03920e+05,6.86414e+05,-4.09772e+04
2.85188e+00,5.53869e+05,6.66012e+05,-3.63576e+04
2.84710e+00,6.46223e+05,6.47110e+05,-3.18661e+04
2.84232e+00,6.90586e+05,6.29789e+05,-2.75046e+04
2.83754e+00,5.41129e+05,6.14105e+05,-2.28741e+04
2.83276e+00,3.61396e+05,6.00086e+05,-1.82647e+04
2.82799e+00,6.41820e+05,5.87729e+05,-1.36427e+04
2.82321e+00,5.47114e+05,5.77006e+05,-9.10874e+03
2.81843e+00,4.16557e+05,5.67852e+05,-4.71575e+03
2.81365e+00,6.39877e+05,5.60177e+05,-2.02222e+02
2.80887e+00,4.98643e+05,5.53858e+05,4.15556e+03
2.80409e+00,8.57404e+05,5.48742e+05,8.32998e+03
2.79931e+00,6.57294e+05,5.44653e+05,1.25170e+04
2.79453e+00,8.25932e+05,5.41391e+05,1.66541e+04
2.78975e+00,6.65895e+05,5.38742e+05,2.08413e+04
2.78497e+00,3.85058e+05,5.36477e+05,2.49688e+04
2.78020e+00,6.03740e+05,5.34370e+05,2.91900e+04
2.77542e+00,7.11816e+05,5.32195e+05,3.32803e+04
2.77064e+00,6.77099e+05,5.29746e+05,3.73100e+04
2.76586e+00,3.02982e+05,5.26838e+05,4.09036e+04
2.76108e+00,5.13256e+05,5.23320e+05,4.43424e+04
2.75630e+00,7.02759e+05,5.19083e+05,4.78157e+04
2.75152e+00,2.94567e+05,5.14067e+05,5.12979e+04
2.74674e+00,2.97321e+05,5.08263e+05,5.44389e+04
2.74196e+00,6.23250e+05,5.01719e+05,5.75493e+04
2.73718e+00,6.99262e+05,4.94539e+05,6.04766e+04
2.73240e+00,2.04849e+05,4.86877e+05,6.33036e+04
2.72763e+00,5.45785e+05,4.78932e+05,6.60662e+04
2.72285e+00,6.54695e+05,4.70939e+05,6.86767e+04
2.71807e+00,3.92690e+05,4.63161e+05,7.11493e+04
2.71329e+00,4.84330e+05,4.55868e+05,7.34810e+04
2.70851e+00,4.18623e+05,4.49333e+05,7.57518e+04
2.70373e+00,5.49228e+05,4.43810e+05,7.78565e+04
2.69895e+00,5.26794e+05,4.39528e+05,7.98170e+04
2.69417e+00,2.70167e+05,4.36676e+05,8.16118e+04
2.68939e+00,5.25546e+05,4.35397e+05,8.32856e+04
2.68461e+00,6.29768e+05,4.35779e+05,8.49287e+04
2.67983e+00,5.96492e+05,4.37857e+05,8.66540e+04
2.67506e+00,5.15878e+05,4.41608e+05,8.83974e+04
2.67028e+00,4.44916e+05,4.46958e+05,9.00924e+04
2.66550e+00,7.81402e+05,4.53785e+05,9.16339e+04
2.66072e+00,8.37667e+05,4.61928e+05,9.31069e+04
2.65594e+00,5.30798e+05,4.71193e+05,9.46170e+04
2.65116e+00,6.67756e+05,4.81366e+05,9.59145e+04
2.64638e+00,7.25532e+05,4.92217e+05,9.70650e+04
2.64160e+00,7.76763e+05,5.03515e+05,9.80069e+04
2.63682e+00,6.12132e+05,5.15032e+05,9.89315e+04
2.63204e+00,8.31225e+05,5.26554e+05,9.95790e+04
2.62727e+00,8.94553e+05,5.37885e+05,1.00085e+05
2.62249e+00,5.08230e+05,5.48855e+05,1.00479e+05
2.61771e+00,7.70590e+05,5.59325e+05,1.00721e+05
2.61293e+00,8.94618e+05,5.69192e+05,1.00947e+05
2.60815e+00,4.96704e+05,5.78391e+05,1.01267e+05
2.60337e+00,7.18392e+05,5.86897e+05,1.01332e+05
2.59859e+00,9.27709e+05,5.94729e+05,1.01340e+05
2.59381e+00,8.86064e+05,6.01950e+05,1.01303e+05
2.58903e+00,1.17556e+06,6.08660e+05,1.01119e+05
2.58425e+00,6.74800e+05,6.15000e+05,1.00568e+05
2.57947e+00,7.18461e+05,6.21142e+05,9.97763e+04
2.57470e+00,9.69744e+05,6.27283e+05,9.88233e+04
2.56992e+00,6.94985e+05,6.33634e+05,9.75881e+04
2.56514e+00,6.52705e+05,6.40412e+05,9.62480e+04
2.56036e+00,8.64816e+05,6.47825e+05,9.47392e+04
2.55558e+00,7.26776e+05,6.56061e+05,9.31667e+04
2.55080e+00,7.60649e+05,6.65274e+05,9.15392e+04
2.54602e+00,6.48614e+05,6.75576e+05,8.98848e+04
2.54124e+00,7.65026e+05,6.87025e+05,8.81929e+04
2.53646e+00,7.99886e+05,6.99625e+05,8.62515e+04
2.53168e+00,8.47372e+05,7.13316e+05,8.42417e+04
2.52691e+00,4.30495e+05,7.27985e+05,8.21339e+04
2.52213e+00,6.31173e+05,7.43469e+05,7.99318e+04
2.51735e+00,1.00956e+06,7.59564e+05,7.75173e+04
2.51257e+00,9.71158e+05,7.76043e+05,7.51320e+04
2.50779e+00,7.92820e+05,7.92673e+05,7.27423e+04
2.50301e+00,9.51295e+05,8.09230e+05,7.01896e+04
2.49823e+00,8.38189e+05,8.25517e+05,6.73595e+04
2.49345e+00,1.04315e+06,8.41384e+05,6.44895e+04
2.48867e+00,9.32666e+05,8.56733e+05,6.16989e+04
2.48389e+00,7.20714e+05,8.71535e+05,5.86485e+04
2.47911e+00,1.00771e+06,8.85826e+05,5.54353e+04
2.47434e+00,9.98458e+05,8.99710e+05,5.22333e+04
2.46956e+00,1.10218e+06,9.13349e+05,4.89357e+04
2.46478e+00,1.07998e+06,9.26950e+05,4.54960e+04
2.46000e+00,9.80381e+05,9.40753e+05,4.18296e+04
2.45522e+00,9.08252e+05,9.55008e+05,3.80257e+04
2.45044e+00,1.12360e+06,9.69965e+05,3.41809e+04
2.44566e+00,1.11385e+06,9.85849e+05,3.01862e+04
2.44088e+00,1.12668e+06,1.00285e+06,2.62190e+04
2.43610e+00,1.06561e+06,1.02111e+06,2.21842e+04
2.43132e+00,1.01090e+06,1.04073e+06,1.80583e+04
2.42655e+00,1.06184e+06,1.06175e+06,1.38521e+04
2.42177e+00,1.13769e+06,1.08414e+06,9.55825e+03
2.41699e+00,1.33501e+06,1.10786e+06,5.28136e+03
2.41221e+00,1.20649e+06,1.13280e+06,1.03404e+03
2.40743e+00,1.17238e+06,1.15884e+06,-3.30635e+03
2.40265e+00,9.98985e+05,1.18582e+06,-7.52997e+03
2.39787e+00,1.33253e+06,1.21356e+06,-1.15757e+04
2.39309e+00,1.13165e+06,1.24188e+06,-1.57027e+04
2.38831e+00,8.66059e+05,1.27056e+06,-1.98214e+04
2.38353e+00,1.36180e+06,1.29935e+06,-2.38631e+04
2.37875e+00,1.39117e+06,1.32798e+06,-2.77498e+04
2.37398e+00,1.46514e+06,1.35613e+06,-3.16527e+04
2.36920e+00,1.56784e+06,1.38346e+06,-3.54867e+04
2.36442e+00,1.18493e+06,1.40956e+06,-3.91253e+04
2.35964e+00,1.51741e+06,1.43402e+06,-4.27575e+04
2.35486e+00,1.50386e+06,1.45637e+06,-4.64170e+04
2.35008e+00,1.44272e+06,1.47617e+06,-4.99784e+04
2.34530e+00,1.16017e+06,1.49299e+06,-5.34455e+04
2.34052e+00,1.14498e+06,1.50646e+06,-5.67310e+04
2.33574e+00,1.40584e+06,1.51627e+06,-5.99838e+04
2.33096e+00,1.27645e+06,1.52227e+06,-6.31534e+04
2.32618e+00,1.41846e+06,1.52442e+06,-6.63792e+04
2.32141e+00,1.41514e+06,1.52286e+06,-6.96841e+04
2.31663e+00,1.26409e+06,1.51789e+06,-7.29376e+04
2.31185e+00,1.46807e+06,1.51000e+06,-7.60993e+04
2.30707e+00,1.34150e+06,1.49982e+06,-7.92820e+04
2.30229e+00,1.46151e+06,1.48810e+06,-8.25777e+04
2.29751e+00,1.27759e+06,1.47568e+06,-8.59155e+04
2.29273e+00,1.42225e+06,1.46345e+06,-8.91738e+04
2.28795e+00,1.23460e+06,1.45226e+06,-9.24993e+04
2.28317e+00,1.26101e+06,1.44292e+06,-9.57630e+04
2.27839e+00,1.37211e+06,1.43610e+06,-9.91760e+04
2.27362e+00,1.65875e+06,1.43232e+06,-1.02501e+05
2.26884e+00,1.38931e+06,1.43192e+06,-1.05679e+05
2.26406e+00,1.45643e+06,1.43505e+06,-1.08656e+05
2.25928e+00,1.20802e+06,1.44164e+06,-1.11520e+05
2.25450e+00,1.38051e+06,1.45145e+06,-1.14162e+05
2.24972e+00,1.55571e+06,1.46406e+06,-1.16550e+05
2.24494e+00,1.33660e+06,1.47895e+06,-1.18826e+05
2.24016e+00,1.20252e+06,1.49550e+06,-1.20960e+05
2.23538e+00,1.46392e+06,1.51306e+06,-1.22994e+05
2.23060e+00,1.50455e+06,1.53099e+06,-1.24968e+05
2.22582e+00,1.31830e+06,1.54871e+06,-1.26782e+05
2.22105e+00,1.20942e+06,1.56572e+06,-1.28543e+05
2.21627e+00,1.27015e+06,1.58164e+06,-1.30227e+05
2.21149e+00,1.49858e+06,1.59622e+06,-1.31920e+05
2.20671e+00,1.52839e+06,1.60936e+06,-1.33738e+05
2.20193e+00,1.64919e+06,1.62112e+06,-1.35478e+05
2.19715e+00,1.34761e+06,1.63169e+06,-1.37224e+05
2.19237e+00,1.33500e+06,1.64139e+06,-1.38937e+05
2.18759e+00,1.44319e+06,1.65063e+06,-1.40619e+05
2.18281e+00,1.50488e+06,1.65993e+06,-1.42187e+05
2.17803e+00,1.39715e+06,1.66988e+06,-1.43636e+05
2.17326e+00,1.37826e+06,1.68108e+06,-1.44987e+05
2.16848e+00,1.44039e+06,1.69418e+06,-1.46083e+05
2.16370e+00,1.76304e+06,1.70982e+06,-1.46974e+05
2.15892e+00,1.85520e+06,1.72861e+06,-1.47680e+05
2.15414e+00,1.28355e+06,1.75116e+06,-1.48328e+05
2.14936e+00,1.66700e+06,1.77799e+06,-1.48736e+05
2.14458e+00,1.62767e+06,1.80960e+06,-1.49116e+05
2.13980e+00,1.76869e+06,1.84641e+06,-1.49685e+05
2.13502e+00,1.83976e+06,1.88876e+06,-1.49856e+05
2.13024e+00,1.80756e+06,1.93691e+06,-1.49821e+05
2.12546e+00,2.00669e+06,1.99103e+06,-1.49672e+05
2.12069e+00,2.06808e+06,2.05120e+06,-1.49271e+05
2.11591e+00,1.84289e+06,2.11736e+06,-1.48954e+05
2.11113e+00,1.97040e+06,2.18934e+06,-1.48524e+05
2.10635e+00,2.08150e+06,2.26685e+06,-1.47900e+05
2.10157e+00,2.05852e+06,2.34940e+06,-1.46969e+05
2.09679e+00,2.33194e+06,2.43639e+06,-1.46032e+05
2.09201e+00,2.48525e+06,2.52699e+06,-1.45109e+05
2.08723e+00,2.03301e+06,2.62022e+06,-1.44125e+05
2.08245e+00,2.35399e+06,2.71489e+06,-1.43014e+05
2.07767e+00,2.76636e+06,2.80964e+06,-1.41782e+05
2.07290e+00,2.73345e+06,2.90293e+06,-1.40491e+05
2.06812e+00,2.72612e+06,2.99308e+06,-1.39176e+05
2.06334e+00,2.58589e+06,3.07828e+06,-1.37725e+05
2.05856e+00,2.92978e+06,3.15664e+06,-1.36315e+05
2.05378e+00,3.14401e+06,3.22629e+06,-1.34752e+05
2.04900e+00,2.86513e+06,3.28535e+06,-1.33116e+05
2.04422e+00,3.14332e+06,3.33208e+06,-1.31393e+05
2.03944e+00,3.15606e+06,3.36489e+06,-1.29715e+05
2.03466e+00,3.48226e+06,3.38247e+06,-1.27967e+05
2.02988e+00,3.23770e+06,3.38378e+06,-1.26151e+05
2.02510e+00,3.38734e+06,3.36818e+06,-1.24091e+05
2.02033e+00,3.35360e+06,3.33539e+06,-1.21966e+05
2.01555e+00,3.39102e+06,3.28561e+06,-1.19833e+05
2.01077e+00,3.51280e+06,3.21945e+06,-1.17814e+05
2.00599e+00,2.93897e+06,3.13795e+06,-1.15788e+05
2.00121e+00,3.03008e+06,3.04257e+06,-1.13607e+05
1.99643e+00,3.05312e+06,2.93508e+06,-1.11364e+05
1.99165e+00,2.57672e+06,2.81756e+06,-1.09138e+05
1.98687e+00,2.68073e+06,2.69228e+06,-1.06906e+05
1.98209e+00,2.23107e+06,2.56162e+06,-1.04493e+05
1.97731e+00,2.17984e+06,2.42798e+06,-1.02005e+05
1.97253e+00,1.97535e+06,2.29369e+06,-9.96397e+04
1.96776e+00,1.68021e+06,2.16090e+06,-9.72076e+04
1.96298e+00,1.77520e+06,2.03155e+06,-9.47461e+04
1.95820e+00,1.49477e+06,1.90728e+06,-9.21409e+04
1.95342e+00,1.45996e+06,1.78938e+06,-8.93985e+04
1.94864e+00,1.42290e+06,1.67883e+06,-8.65871e+04
1.94386e+00,1.56513e+06,1.57622e+06,-8.38718e+04
1.93908e+00,1.44904e+06,1.48182e+06,-8.12261e+04
1.93430e+00,1.26059e+06,1.39561e+06,-7.85412e+04
1.92952e+00,1.33908e+06,1.31731e+06,-7.57891e+04
1.92474e+00,1.31104e+06,1.24648e+06,-7.29859e+04
1.91997e+00,1.26515e+06,1.18252e+06,-7.02191e+04
1.91519e+00,1.13966e+06,1.12479e+06,-6.72949e+04
1.91041e+00,1.16176e+06,1.07260e+06,-6.41816e+04
1.90563e+00,8.98883e+05,1.02532e+06,-6.11876e+04
1.90085e+00,6.90227e+05,9.82385e+05,-5.80899e+04
1.89607e+00,1.41885e+06,9.43306e+05,-5.48088e+04
1.89129e+00,9.79041e+05,9.07692e+05,-5.13950e+04
1.88651e+00,7.08625e+05,8.75243e+05,-4.76551e+04
1.88173e+00,8.91798e+05,8.45740e+05,-4.38728e+04
1.87695e+00,5.69718e+05,8.19022e+05,-3.97497e+04
1.87217e+00,6.50147e+05,7.94961e+05,-3.55073e+04
1.86740e+00,8.38314e+05,7.73448e+05,-3.11633e+04
1.86262e+00,1.13950e+06,7.54360e+05,-2.67884e+04
1.85784e+00,7.89545e+05,7.37554e+05,-2.22701e+04
1.85306e+00,7.63096e+05,7.22849e+05,-1.78045e+04
1.84828e+00,6.58794e+05,7.10029e+05,-1.33028e+04
1.84350e+00,9.23183e+05,6.98842e+05,-8.62313e+03
1.83872e+00,7.64623e+05,6.89010e+05,-4.16342e+03
1.83394e+00,6.29103e+05,6.80243e+05,2.07928e+02
1.82916e+00,6.95854e+05,6.72253e+05,4.71607e+03
1.82438e+00,7.14066e+05,6.64769e+05,9.24105e+03
1.81961e+00,4.53766e+05,6.57555e+05,1.37897e+04
1.81483e+00,7.28028e+05,6.50417e+05,1.82870e+04
1.81005e+00,7.24992e+05,6.43216e+05,2.27592e+04
1.80527e+00,5.95313e+05,6.35866e+05,2.72938e+04
1.80049e+00,4.87476e+05,6.28339e+05,3.17774e+04
1.79571e+00,6.91357e+05,6.20653e+05,3.61110e+04
1.79093e+00,5.62871e+05,6.12874e+05,4.03556e+04
1.78615e+00,6.43213e+05,6.05096e+05,4.45846e+04
1.78137e+00,5.26519e+05,5.97437e+05,4.86920e+04
1.77659e+00,3.43594e+05,5.90024e+05,5.29197e+04
1.77181e+00,3.34601e+05,5.82986e+05,5.71982e+04
1.76704e+00,4.27262e+05,5.76442e+05,6.13713e+04
1.76226e+00,5.75163e+05,5.70494e+05,6.55744e+04
1.75748e+00,6.10274e+05,5.65227e+05,6.96990e+04
1.75270e+00,5.93683e+05,5.60703e+05,7.38225e+04
1.74792e+00,4.02589e+05,5.56959e+05,7.80677e+04
1.74314e+00,7.48484e+05,5.54013e+05,8.22399e+04
1.73836e+00,7.29787e+05,5.51862e+05,8.64378e+04
1.73358e+00,4.44709e+05,5.50487e+05,9.04731e+04
1.72880e+00,8.02906e+05,5.49854e+05,9.44378e+04
1.72402e+00,5.15195e+05,5.49921e+05,9.82314e+04
1.71925e+00,7.45148e+05,5.50636e+05,1.01817e+05
1.71447e+00,6.28798e+05,5.51944e+05,1.05367e+05
1.70969e+00,8.04606e+05,5.53785e+05,1.08742e+05
1.70491e+00,4.86620e+05,5.56099e+05,1.11799e+05
1.70013e+00,4.51754e+05,5.58822e+05,1.14665e+05
1.69535e+00,6.37226e+05,5.61893e+05,1.17510e+05
1.69057e+00,8.22587e+05,5.65250e+05,1.20234e+05
1.68579e+00,8.27839e+05,5.68829e+05,1.22734e+05
1.68101e+00,6.03486e+05,5.72569e+05,1.25125e+05
1.67623e+00,7.14670e+05,5.76410e+05,1.27534e+05
1.67145e+00,7.18012e+05,5.80292e+05,1.29936e+05
1.66668e+00,6.71744e+05,5.84157e+05,1.32337e+05
1.66190e+00,7.95131e+05,5.87949e+05,1.34899e+05
1.65712e+00,1.04418e+06,5.91617e+05,1.37321e+05
1.65234e+00,8.42832e+05,5.95110e+05,1.39584e+05
1.64756e+00,1.23235e+06,5.98385e+05,1.41915e+05
1.64278e+00,7.24707e+05,6.01402e+05,1.44053e+05
1.63800e+00,1.21938e+06,6.04126e+05,1.45932e+05
1.63322e+00,7.61637e+05,6.06528e+05,1.47764e+05
1.62844e+00,1.02617e+06,6.08586e+05,1.49488e+05
1.62366e+00,8.32248e+05,6.10283e+05,1.51040e+05
1.61889e+00,1.04568e+06,6.11608e+05,1.52637e+05
1.61411e+00,7.47633e+05,6.12555e+05,1.54310e+05
1.60933e+00,7.58307e+05,6.13123e+05,1.55992e+05
1.60455e+00,1.00346e+06,6.13318e+05,1.57435e+05
1.59977e+00,7.19423e+05,6.13146e+05,1.58715e+05
1.59499e+00,7.78881e+05,6.12618e+05,1.59904e+05
1.59021e+00,9.43872e+05,6.11747e+05,1.61065e+05
1.58543e+00,8.24941e+05,6.10549e+05,1.62039e+05
1.58065e+00,9.44452e+05,6.09039e+05,1.63017e+05
1.57587e+00,1.01890e+06,6.07235e+05,1.63914e+05
1.57109e+00,8.15559e+05,6.05152e+05,1.64672e+05
1.56632e+00,8.62198e+05,6.02808e+05,1.65290e+05
1.56154e+00,9.67688e+05,6.00220e+05,1.65763e+05
1.55676e+00,5.33293e+05,5.97403e+05,1.66032e+05
1.55198e+00,6.87680e+05,5.94375e+05,1.66049e+05
1.54720e+00,5.39284e+05,5.91154e+05,1.65877e+05
1.54242e+00,5.66688e+05,5.87759e+05,1.65492e+05
1.53764e+00,9.15991e+05,5.84212e+05,1.65022e+05
1.53286e+00,7.75467e+05,5.80538e+05,1.64433e+05
1.52808e+00,3.63242e+05,5.76770e+05,1.63655e+05
1.52330e+00,4.65891e+05,5.72942e+05,1.62686e+05
1.51852e+00,7.33473e+05,5.69101e+05,1.61560e+05
1.51375e+00,7.14945e+05,5.65299e+05,1.60260e+05
1.50897e+00,8.47856e+05,5.61600e+05,1.58734e+05
1.50419e+00,8.01041e+05,5.58078e+05,1.57008e+05
1.49941e+00,7.85118e+05,5.54818e+05,1.54970e+05
1.49463e+00,7.12500e+05,5.51916e+05,1.52981e+05
1.48985e+00,8.29529e+05,5.49478e+05,1.50786e+05
1.48507e+00,6.94198e+05,5.47618e+05,1.48451e+05
1.48029e+00,7.84488e+05,5.46455e+05,1.46138e+05
1.47551e+00,9.31781e+05,5.46108e+05,1.43680e+05
1.47073e+00,8.01111e+05,5.46696e+05,1.41071e+05
1.46596e+00,4.23910e+05,5.48324e+05,1.38296e+05
1.46118e+00,6.28137e+05,5.51085e+05,1.35356e+05
1.45640e+00,7.51383e+05,5.55048e+05,1.32287e+05
1.45162e+00,5.73714e+05,5.60251e+05,1.29135e+05
1.44684e+00,4.69919e+05,5.66697e+05,1.25810e+05
1.44206e+00,5.67756e+05,5.74344e+05,1.22441e+05
1.43728e+00,8.05148e+05,5.83107e+05,1.19087e+05
1.43250e+00,7.53395e+05,5.92849e+05,1.15594e+05
1.42772e+00,8.43629e+05,6.03387e+05,1.12018e+05
1.42294e+00,1.13069e+06,6.14495e+05,1.08374e+05
1.41816e+00,7.26770e+05,6.25908e+05,1.04462e+05
1.41339e+00,8.68317e+05,6.37337e+05,1.00395e+05
1.40861e+00,5.97126e+05,6.48479e+05,9.64350e+04
1.40383e+00,4.62327e+05,6.59036e+05,9.24578e+04
1.39905e+00,5.80067e+05,6.68731e+05,8.85807e+04
1.39427e+00,8.23165e+05,6.77325e+05,8.46652e+04
1.38949e+00,1.00028e+06,6.84635e+05,8.09703e+04
1.38471e+00,7.71616e+05,6.90548e+05,7.72534e+04
1.37993e+00,1.02840e+06,6.95031e+05,7.35984e+04
1.37515e+00,7.78998e+05,6.98136e+05,6.99281e+04
1.37037e+00,9.73879e+05,7.00001e+05,6.63247e+04
1.36560e+00,4.70483e+05,7.00838e+05,6.25829e+04
1.36082e+00,7.23197e+05,7.00927e+05,5.87698e+04
1.35604e+00,6.00797e+05,7.00590e+05,5.49987e+04
1.35126e+00,8.84194e+05,7.00173e+05,5.12031e+04
1.34648e+00,6.80609e+05,7.00015e+05,4.73703e+04
1.34170e+00,1.00997e+06,7.00426e+05,4.36176e+04
1.33692e+00,8.07100e+05,7.01657e+05,3.98351e+04
1.33214e+00,9.42602e+05,7.03882e+05,3.59767e+04
1.32736e+00,6.62766e+05,7.07178e+05,3.21499e+04
1.32258e+00,6.53733e+05,7.11518e+05,2.83671e+04
1.31780e+00,6.61018e+05,7.16767e+05,2.45146e+04
1.31303e+00,6.62455e+05,7.22688e+05,2.06426e+04
1.30825e+00,5.92652e+05,7.28956e+05,1.66153e+04
1.30347e+00,6.67910e+05,7.35178e+05,1.24985e+04
1.29869e+00,8.54936e+05,7.40918e+05,8.17237e+03
1.29391e+00,8.95176e+05,7.45720e+05,3.70953e+03
1.28913e+00,9.26867e+05,7.49146e+05,-7.57990e+02
1.28435e+00,9.23192e+05,7.50791e+05,-5.23917e+03
1.27957e+00,8.93273e+05,7.50316e+05,-9.99334e+03
1.27479e+00,7.00719e+05,7.47461e+05,-1.49056e+04
1.27001e+00,5.39383e+05,7.42059e+05,-1.99121e+04
1.26524e+00,5.96315e+05,7.34046e+05,-2.50451e+04
1.26046e+00,5.34490e+05,7.23452e+05,-3.00189e+04
1.25568e+00,9.30143e+05,7.10403e+05,-3.49674e+04
1.25090e+00,3.87540e+05,6.95106e+05,-4.00398e+04
1.24612e+00,7.90864e+05,6.77833e+05,-4.51168e+04
1.24134e+00,7.49058e+05,6.58908e+05,-5.02374e+04
1.23656e+00,6.60119e+05,6.38681e+05,-5.53263e+04
1.23178e+00,3.92757e+05,6.17518e+05,-6.04155e+04
1.22700e+00,4.50099e+05,5.95779e+05,-6.54351e+04
1.22222e+00,2.50273e+05,5.73809e+05,-7.03278e+04
1.21744e+00,6.21592e+05,5.51921e+05,-7.54154e+04
1.21267e+00,7.27316e+05,5.30391e+05,-8.04774e+04
1.20789e+00,3.28199e+05,5.09456e+05,-8.55628e+04
1.20311e+00,3.89428e+05,4.89307e+05,-9.06341e+04
1.19833e+00,4.87444e+05,4.70096e+05,-9.57685e+04
1.19355e+00,3.68138e+05,4.51932e+05,-1.00979e+05
1.18877e+00,3.51572e+05,4.34892e+05,-1.06018e+05
1.18399e+00,3.60597e+05,4.19023e+05,-1.11138e+05
1.17921e+00,-2.90051e+04,4.04347e+05,-1.16221e+05
1.17443e+00,6.23977e+04,3.90873e+05,-1.21034e+05
1.16965e+00,3.55440e+05,3.78592e+05,-1.25767e+05
1.16487e+00,2.75501e+05,3.67494e+05,-1.30417e+05
1.16010e+00,1.19498e+05,3.57561e+05,-1.35035e+05
1.15532e+00,3.21550e+05,3.48780e+05,-1.39803e+05
1.15054e+00,3.60488e+05,3.41138e+05,-1.44629e+05
1.14576e+00,2.94973e+05,3.34629e+05,-1.49478e+05
1.14098e+00,1.96765e+05,3.29250e+05,-1.54126e+05
1.13620e+00,2.17952e+05,3.25008e+05,-1.58673e+05
1.13142e+00,1.68882e+05,3.21913e+05,-1.63013e+05
1.12664e+00,2.54603e+04,3.19983e+05,-1.67356e+05
1.12186e+00,1.49093e+05,3.19238e+05,-1.71531e+05
1.11708e+00,1.35723e+05,3.19705e+05,-1.75798e+05
1.11231e+00,2.73397e+05,3.21410e+05,-1.80068e+05
1.10753e+00,1.82014e+05,3.24382e+05,-1.84497e+05
1.10275e+00,2.60236e+05,3.28648e+05,-1.88790e+05
1.09797e+00,1.44066e+05,3.34234e+05,-1.93235e+05
1.09319e+00,-7.44985e+04,3.41159e+05,-1.97471e+05
1.08841e+00,7.63479e+04,3.49439e+05,-2.01516e+05
1.08363e+00,3.05862e+05,3.59082e+05,-2.05283e+05
1.07885e+00,2.03323e+04,3.70086e+05,-2.08902e+05
1.07407e+00,2.29395e+04,3.82437e+05,-2.12527e+05
1.06929e+00,1.74023e+05,3.96113e+05,-2.16133e+05
1.06451e+00,1.62350e+05,4.11075e+05,-2.19707e+05
1.05974e+00,6.27507e+04,4.27271e+05,-2.23320e+05
1.05496e+00,1.93816e+05,4.44633e+05,-2.26949e+05
1.05018e+00,1.28822e+05,4.63078e+05,-2.30418e+05
1.04540e+00,2.57265e+05,4.82505e+05,-2.33808e+05
1.04062e+00,1.30262e+05,5.02801e+05,-2.36978e+05
1.03584e+00,2.77636e+05,5.23831e+05,-2.40055e+05
1.03106e+00,1.52441e+05,5.45452e+05,-2.43138e+05
1.02628e+00,1.11342e+05,5.67500e+05,-2.46249e+05
1.02150e+00,5.89147e+05,5.89805e+05,-2.49466e+05
1.01672e+00,3.62694e+05,6.12183e+05,-2.52685e+05
1.01195e+00,7.26479e+04,6.34442e+05,-2.55947e+05
1.00717e+00,4.06306e+05,6.56385e+05,-2.59031e+05
1.00239e+00,2.15362e+05,6.77810e+05,-2.62139e+05
9.97608e-01,5.18559e+05,6.98518e+05,-2.65081e+05
9.92829e-01,3.68752e+05,7.18308e+05,-2.67962e+05
9.88050e-01,3.77443e+05,7.36988e+05,-2.70775e+05
9.83271e-01,6.36432e+05,7.54374e+05,-2.73444e+05
9.78492e-01,3.43133e+05,7.70293e+05,-2.76079e+05
9.73713e-01,6.10921e+05,7.84586e+05,-2.78883e+05
9.68934e-01,3.90219e+05,7.97110e+05,-2.81541e+05
9.64155e-01,6.53072e+05,8.07744e+05,-2.84044e+05
9.59376e-01,5.98754e+05,8.16383e+05,-2.86489e+05
9.54596e-01,4.76699e+05,8.22948e+05,-2.88730e+05
9.49817e-01,7.67111e+05,8.27381e+05,-2.90887e+05
9.45038e-01,2.84704e+05,8.29648e+05,-2.92940e+05
9.40259e-01,4.45722e+05,8.29740e+05,-2.94833e+05
9.35480e-01,6.48802e+05,8.27669e+05,-2.96687e+05
9.30701e-01,6.48110e+05,8.23472e+05,-2.98613e+05
9.25922e-01,5.09634e+05,8.17205e+05,-3.00600e+05
9.21143e-01,6.67440e+05,8.08946e+05,-3.02549e+05
9.16364e-01,4.09830e+05,7.98789e+05,-3.04486e+05
9.11585e-01,4.73040e+05,7.86846e+05,-3.06588e+05
9.06806e-01,2.88206e+05,7.73239e+05,-3.08596e+05
9.02027e-01,5.68846e+05,7.58105e+05,-3.10500e+05
8.97248e-01,5.65437e+05,7.41588e+05,-3.12217e+05
8.92469e-01,5.09485e+05,7.23836e+05,-3.13959e+05
8.87690e-01,2.90514e+05,7.05003e+05,-3.15639e+05
8.82911e-01,4.33011e+05,6.85245e+05,-3.17301e+05
8.78132e-01,3.56938e+05,6.64713e+05,-3.18882e+05
8.73353e-01,2.62023e+05,6.43561e+05,-3.20336e+05
8.68574e-01,2.91644e+04,6.21932e+05,-3.21791e+05
8.63794e-01,3.31857e+05,5.99968e+05,-3.23101e+05
8.59015e-01,-1.00204e+05,5.77800e+05,-3.24355e+05
8.54236e-01,2.99086e+05,5.55554e+05,-3.25384e+05
8.49457e-01,4.37124e+05,5.33344e+05,-3.26353e+05
8.44678e-01,4.54668e+05,5.11274e+05,-3.27363e+05
8.39899e-01,4.34158e+05,4.89442e+05,-3.28333e+05
8.35120e-01,9.84542e+04,4.67933e+05,-3.29099e+05
8.30341e-01,1.16132e+05,4.46822e+05,-3.29858e+05
8.25562e-01,1.21086e+05,4.26175e+05,-3.30595e+05
8.20783e-01,2.12394e+04,4.06051e+05,-3.31338e+05
8.16004e-01,-2.71345e+04,3.86497e+05,-3.31954e+05
8.11225e-01,1.35715e+05,3.67555e+05,-3.32534e+05
8.06446e-01,-9.20426e+04,3.49256e+05,-3.33166e+05
8.01667e-01,1.48642e+05,3.31627e+05,-3.33908e+05
7.96888e-01,-1.35235e+05,3.14688e+05,-3.34658e+05
7.92109e-01,-3.35850e+05,2.98452e+05,-3.35439e+05
7.87330e-01,-2.17648e+05,2.82930e+05,-3.36186e+05
7.82551e-01,-2.43196e+05,2.68124e+05,-3.37051e+05
7.77771e-01,-1.13327e+05,2.54035e+05,-3.37970e+05
7.72992e-01,-1.64250e+05,2.40660e+05,-3.38649e+05
7.68213e-01,-1.29905e+05,2.27992e+05,-3.39354e+05
7.63434e-01,-4.56741e+04,2.16020e+05,-3.40241e+05
7.58655e-01,-8.26913e+04,2.04733e+05,-3.40930e+05
7.53876e-01,-2.95270e+05,1.94115e+05,-3.41568e+05
7.49097e-01,-2.32576e+05,1.84151e+05,-3.42065e+05
7.44318e-01,1.63647e+05,1.74821e+05,-3.42529e+05
7.39539e-01,-1.63872e+05,1.66106e+05,-3.42905e+05
7.34760e-01,-4.27416e+05,1.57983e+05,-3.43121e+05
7.29981e-01,-1.68395e+05,1.50430e+05,-3.43288e+05
7.25202e-01,-2.90475e+05,1.43424e+05,-3.43369e+05
7.20423e-01,-1.27730e+05,1.36939e+05,-3.43484e+05
7.15644e-01,8.98170e+04,1.30952e+05,-3.43441e+05
7.10865e-01,-2.94086e+05,1.25436e+05,-3.43230e+05
7.06086e-01,-1.58283e+05,1.20366e+05,-3.42925e+05
7.01307e-01,-4.99123e+04,1.15716e+05,-3.42320e+05
6.96528e-01,-3.35688e+05,1.11461e+05,-3.41685e+05
6.91749e-01,-2.06627e+05,1.07574e+05,-3.41074e+05
6.86969e-01,-2.91909e+05,1.04032e+05,-3.40340e+05
6.82190e-01,-3.96850e+05,1.00810e+05,-3.39523e+05
6.77411e-01,-3.90978e+05,9.78830e+04,-3.38753e+05
6.72632e-01,-6.23779e+05,9.52295e+04,-3.37801e+05
6.67853e-01,-2.93458e+05,9.28272e+04,-3.36817e+05
6.63074e-01,-3.26270e+05,9.06550e+04,-3.35728e+05
6.58295e-01,-1.00545e+05,8.86929e+04,-3.34786e+05
6.53516e-01,-4.55302e+05,8.69221e+04,-3.33816e+05
6.48737e-01,-3.06870e+05,8.53249e+04,-3.32816e+05
6.43958e-01,-3.55826e+05,8.38845e+04,-3.31660e+05
6.39179e-01,-8.57745e+04,8.25857e+04,-3.30541e+05
6.34400e-01,-1.20601e+05,8.14141e+04,-3.29232e+05
6.29621e-01,-3.76258e+05,8.03565e+04,-3.27905e+05
6.24842e-01,-2.12298e+05,7.94008e+04,-3.26515e+05
6.20063e-01,-3.04721e+05,7.85360e+04,-3.25277e+05
6.15284e-01,-2.94266e+04,7.77521e+04,-3.23871e+05
6.10505e-01,-2.58508e+05,7.70399e+04,-3.22674e+05
6.05726e-01,-2.43952e+05,7.63914e+04,-3.21377e+05
6.00946e-01,-2.24833e+05,7.57992e+04,-3.19904e+05
5.96167e-01,-9.55635e+04,7.52567e+04,-3.18344e+05
5.91388e-01,-2.21417e+05,7.47581e+04,-3.16725e+05
5.86609e-01,-1.76001e+05,7.42981e+04,-3.14928e+05
5.81830e-01,-3.79968e+05,7.38723e+04,-3.13120e+05
5.77051e-01,-7.33778e+04,7.34765e+04,-3.11322e+05
5.72272e-01,-1.49126e+05,7.31071e+04,-3.09503e+05
5.67493e-01,-4.53311e+05,7.27612e+04,-3.07717e+05
5.62714e-01,-4.88484e+05,7.24358e+04,-3.05734e+05
5.57935e-01,-3.89910e+05,7.21287e+04,-3.03755e+05
5.53156e-01,-2.88209e+05,7.18378e+04,-3.01661e+05
5.48377e-01,-2.82898e+05,7.15612e+04,-2.99540e+05
5.43598e-01,-4.56044e+05,7.12975e+04,-2.97429e+05
5.38819e-01,-2.60899e+05,7.10451e+04,-2.95304e+05
5.34040e-01,-9.91030e+04,7.08029e+04,-2.93287e+05
5.29261e-01,-4.10781e+05,7.05700e+04,-2.91235e+05
5.24482e-01,-4.31813e+05,7.03453e+04,-2.89100e+05
5.19703e-01,5.78827e+04,7.01282e+04,-2.87008e+05
5.14924e-01,-4.19268e+04,6.99179e+04,-2.84896e+05
5.10144e-01,-1.36433e+05,6.97138e+04,-2.82767e+05
5.05365e-01,-1.94352e+05,6.95155e+04,-2.80832e+05
5.00586e-01,-7.19718e+04,6.93225e+04,-2.78830e+05
4.95807e-01,-1.61423e+05,6.91343e+04,-2.76628e+05
4.91028e-01,-8.60511e+04,6.89507e+04,-2.74475e+05
4.86249e-01,-2.61791e+05,6.87712e+04,-2.72422e+05
4.81470e-01,-2.84576e+05,6.85957e+04,-2.70461e+05
4.76691e-01,-1.30448e+05,6.84239e+04,-2.68462e+05
4.71912e-01,-4.72523e+04,6.82556e+04,-2.66399e+05
4.67133e-01,-7.23578e+04,6.80905e+04,-2.64268e+05
4.62354e-01,7.44584e+04,6.79285e+04,-2.62375e+05
4.57575e-01,-9.47117e+03,6.77695e+04,-2.60506e+05
4.52796e-01,-2.82843e+05,6.76132e+04,-2.58567e+05
4.48017e-01,-1.75276e+05,6.74596e+04,-2.56734e+05
4.43238e-01,-2.64728e+05,6.73084e+04,-2.54971e+05
4.38459e-01,-4.01965e+05,6.71597e+04,-2.53354e+05
4.33680e-01,-8.51061e+04,6.70133e+04,-2.51904e+05
4.28901e-01,-1.52317e+05,6.68691e+04,-2.50462e+05
4.24122e-01,-7.12505e+04,6.67269e+04,-2.49235e+05
4.19342e-01,-4.32464e+05,6.65868e+04,-2.48114e+05
4.14563e-01,-3.52876e+05,6.64487e+04,-2.47186e+05
4.09784e-01,-3.60008e+05,6.63124e+04,-2.46269e+05
4.05005e-01,-6.02455e+04,6.61779e+04,-2.45431e+05
4.00226e-01,-2.58126e+05,6.60451e+04,-2.44620e+05
3.95447e-01,5.82028e+04,6.59140e+04,-2.43834e+05
3.90668e-01,-2.49477e+05,6.57844e+04,-2.43028e+05
3.85889e-01,-7.35025e+04,6.56565e+04,-2.42258e+05
3.81110e-01,-3.15687e+05,6.55300e+04,-2.41651e+05
3.76331e-01,3.56846e+04,6.54050e+04,-2.41114e+05
3.71552e-01,-3.43093e+05,6.52814e+04,-2.40679e+05
3.66773e-01,-1.14434e+05,6.51591e+04,-2.40249e+05
3.61994e-01,-1.08834e+05,6.50381e+04,-2.39842e+05
3.57215e-01,-3.36364e+05,6.49183e+04,-2.39476e+05
3.52436e-01,-3.90906e+05,6.47998e+04,-2.39152e+05
3.47657e-01,1.74437e+05,6.46825e+04,-2.38806e+05
3.42878e-01,-2.10595e+05,6.45663e+04,-2.38354e+05
3.38099e-01,-2.77863e+05,6.44512e+04,-2.37928e+05
3.33319e-01,-1.29211e+05,6.43371e+04,-2.37555e+05
3.28540e-01,-2.09468e+05,6.42241e+04,-2.37106e+05
3.23761e-01,9.35351e+04,6.41120e+04,-2.36637e+05
3.18982e-01,-1.12051e+05,6.40010e+04,-2.36271e+05
3.14203e-01,-1.20428e+05,6.38908e+04,-2.36124e+05
3.09424e-01,-3.10181e+04,6.37815e+04,-2.36093e+05
3.04645e-01,7.66687e+04,6.36730e+04,-2.36117e+05
2.99866e-01,-9.83097e+02,6.35654e+04,-2.36284e+05
2.95087e-01,-2.43200e+05,6.34585e+04,-2.36690e+05
2.90308e-01,-8.17381e+04,6.33523e+04,-2.37092e+05
2.85529e-01,5.98947e+04,6.32469e+04,-2.37476e+05
2.80750e-01,-2.48098e+05,6.31421e+04,-2.37959e+05
2.75971e-01,-2.06585e+05,6.30379e+04,-2.38451e+05
2.71192e-01,-1.82717e+05,6.29344e+04,-2.38826e+05
2.66413e-01,-4.24884e+05,6.28313e+04,-2.39122e+05
2.61634e-01,6.26127e+04,6.27287e+04,-2.39397e+05
2.56855e-01,-6.53900e+04,6.26265e+04,-2.39647e+05
2.52076e-01,-2.63072e+05,6.25248e+04,-2.39873e+05
2.47297e-01,-1.10801e+05,6.24233e+04,-2.40014e+05
2.42517e-01,-3.58644e+05,6.23220e+04,-2.39959e+05
2.37738e-01,3.53224e+04,6.22210e+04,-2.39973e+05
2.32959e-01,-7.44147e+04,6.21200e+04,-2.39930e+05
2.28180e-01,-2.86912e+05,6.20190e+04,-2.39908e+05
2.23401e-01,-5.49604e+05,6.19179e+04,-2.39783e+05
2.18622e-01,-2.33841e+05,6.18166e+04,-2.39578e+05
2.13843e-01,-1.46156e+05,6.17150e+04,-2.39226e+05
2.09064e-01,-2.31551e+05,6.16129e+04,-2.38633e+05
2.04285e-01,-2.87258e+05,6.15103e+04,-2.38010e+05
1.99506e-01,-3.58102e+05,6.14070e+04,-2.37335e+05
1.94727e-01,-3.01393e+05,6.13029e+04,-2.36701e+05
1.89948e-01,3.00255e+04,6.11979e+04,-2.36049e+05
1.85169e-01,-1.74464e+05,6.10918e+04,-2.35316e+05
1.80390e-01,-2.73415e+05,6.09846e+04,-2.34574e+05
1.75611e-01,-4.26839e+05,6.08762e+04,-2.33695e+05
1.70832e-01,-2.66529e+05,6.07665e+04,-2.32936e+05
1.66053e-01,-5.80035e+04,6.06557e+04,-2.32364e+05
1.61274e-01,-9.37501e+04,6.05436e+04,-2.31825e+05
1.56494e-01,-4.25805e+04,6.04305e+04,-2.31189e+05
1.51715e-01,-2.14480e+05,6.03165e+04,-2.30526e+05
1.46936e-01,-3.02131e+05,6.02020e+04,-2.29733e+05
1.42157e-01,-3.11520e+05,6.00871e+04,-2.29086e+05
1.37378e-01,-2.77684e+05,5.99724e+04,-2.28477e+05
1.32599e-01,-2.54679e+05,5.98584e+04,-2.27856e+05
1.27820e-01,-3.26648e+05,5.97457e+04,-2.27037e+05
1.23041e-01,-1.31396e+05,5.96349e+04,-2.26388e+05
1.18262e-01,-1.88084e+05,5.95269e+04,-2.25787e+05
1.13483e-01,-2.06339e+05,5.94224e+04,-2.25061e+05
1.08704e-01,-2.01797e+05,5.93224e+04,-2.24250e+05
1.03925e-01,1.00691e+05,5.92277e+04,-2.23523e+05
9.91458e-02,-2.21348e+05,5.91393e+04,-2.22684e+05
9.43668e-02,-7.63493e+04,5.90582e+04,-2.21967e+05
8.95877e-02,-1.06532e+05,5.89853e+04,-2.21252e+05
8.48087e-02,-1.53328e+05,5.89214e+04,-2.20485e+05
8.00296e-02,-1.03348e+05,5.88673e+04,-2.19689e+05
7.52506e-02,-3.16295e+05,5.88239e+04,-2.18802e+05
7.04715e-02,-1.95603e+05,5.87916e+04,-2.17920e+05
6.56925e-02,-1.68890e+05,5.87709e+04,-2.17046e+05
6.09134e-02,-3.60611e+05,5.87623e+04,-2.16052e+05
5.61343e-02,-3.89443e+05,5.87657e+04,-2.14948e+05
5.13553e-02,-7.48884e+04,5.87811e+04,-2.13894e+05
4.65762e-02,-2.09308e+05,5.88082e+04,-2.12871e+05
4.17972e-02,-1.41793e+05,5.88465e+04,-2.11724e+05
3.70181e-02,6.61368e+04,5.88952e+04,-2.10463e+05
3.22391e-02,-1.57988e+05,5.89533e+04,-2.09225e+05
2.74600e-02,-1.42607e+05,5.90195e+04,-2.08119e+05
2.26810e-02,-1.66963e+05,5.90923e+04,-2.07184e+05
1.79019e-02,-1.04373e+05,5.91700e+04,-2.06416e+05
1.31229e-02,-2.26680e+05,5.92508e+04,-2.05611e+05
8.34380e-03,-1.11319e+04,5.93326e+04,-2.04670e+05
3.56475e-03,1.45962e+05,5.94133e+04,-2.03916e+05
-1.21431e-03,-2.32731e+05,5.94908e+04,-2.03136e+05
-5.99336e-03,5.14865e+04,5.95629e+04,-2.02444e+05
-1.07724e-02,-2.64781e+05,5.96275e+04,-2.01661e+05
-1.55515e-02,-8.85650e+04,5.96829e+04,-2.00901e+05
-2.03305e-02,-1.11289e+05,5.97274e+04,-2.00368e+05
-2.51096e-02,-1.13076e+05,5.97594e+04,-2.00009e+05
-2.98886e-02,1.63110e+05,5.97780e+04,-1.99840e+05
-3.46677e-02,-1.13621e+03,5.97823e+04,-1.99745e+05
-3.94467e-02,-6.43939e+04,5.97719e+04,-1.99665e+05
-4.42258e-02,-1.70599e+05,5.97469e+04,-1.99681e+05
-4.90048e-02,9.57156e+04,5.97075e+04,-1.99689e+05
-5.37839e-02,-9.11375e+04,5.96544e+04,-1.99653e+05
-5.85630e-02,-1.73961e+05,5.95884e+04,-1.99498e+05
-6.33420e-02,2.02563e+04,5.95108e+04,-1.99395e+05
-6.81211e-02,-1.63938e+05,5.94230e+04,-1.99370e+05
-7.29001e-02,-3.80825e+05,5.93265e+04,-1.99640e+05
-7.76792e-02,-5.00715e+04,5.92227e+04,-1.99970e+05
-8.24582e-02,-7.33274e+04,5.91134e+04,-2.00210e+05
-8.72373e-02,-2.06165e+04,5.90001e+04,-2.00432e+05
-9.20163e-02,-1.22840e+05,5.88843e+04,-2.00530e+05
-9.67954e-02,-3.91261e+05,5.87673e+04,-2.00643e+05
-1.01574e-01,-3.41248e+05,5.86503e+04,-2.00774e+05
-1.06353e-01,9.00873e+03,5.85344e+04,-2.01041e+05
-1.11133e-01,4.82560e+04,5.84205e+04,-2.01313e+05
-1.15912e-01,-3.44635e+05,5.83091e+04,-2.01630e+05
-1.20691e-01,-3.15308e+05,5.82009e+04,-2.01943e+05
-1.25470e-01,4.27021e+04,5.80961e+04,-2.02183e+05
-1.30249e-01,1.88389e+05,5.79951e+04,-2.02294e+05
-1.35028e-01,-1.12753e+05,5.78978e+04,-2.02362e+05
-1.39807e-01,-2.61764e+05,5.78042e+04,-2.02522e+05
-1.44586e-01,-3.69826e+05,5.77144e+04,-2.02529e+05
-1.49365e-01,-4.92831e+04,5.76280e+04,-2.02749e+05
-1.54144e-01,-8.08538e+04,5.75449e+04,-2.03079e+05
-1.58923e-01,-4.68260e+04,5.74649e+04,-2.03540e+05
-1.63702e-01,-2.22041e+05,5.73877e+04,-2.04021e+05
-1.68481e-01,-2.14637e+05,5.73131e+04,-2.04495e+05
-1.73260e-01,-2.09516e+05,5.72408e+04,-2.05158e+05
-1.78039e-01,-3.01979e+04,5.71706e+04,-2.05774e+05
-1.82818e-01,-1.57821e+05,5.71023e+04,-2.06296e+05
-1.87597e-01,-4.11189e+05,5.70358e+04,-2.06913e+05
-1.92376e-01,-1.30286e+05,5.69707e+04,-2.07657e+05
-1.97156e-01,3.72607e+04,5.69070e+04,-2.08308e+05
-2.01935e-01,-1.21616e+05,5.68446e+04,-2.08883e+05
-2.06714e-01,-1.02964e+05,5.67833e+04,-2.09435e+05
-2.11493e-01,-3.69228e+05,5.67230e+04,-2.09904e+05
-2.16272e-01,-4.75339e+05,5.66636e+04,-2.10314e+05
-2.21051e-01,-2.20770e+05,5.66051e+04,-2.10883e+05
-2.25830e-01,-2.80587e+05,5.65473e+04,-2.11499e+05
-2.30609e-01,6.27121e+04,5.64903e+04,-2.12051e+05
-2.35388e-01,-4.24306e+05,5.64340e+04,-2.12680e+05
-2.40167e-01,-1.20267e+05,5.63783e+04,-2.13211e+05
-2.44946e-01,-1.16936e+05,5.63232e+04,-2.13621e+05
-2.49725e-01,-1.28575e+05,5.62687e+04,-2.14074e+05
-2.54504e-01,-2.60464e+05,5.62147e+04,-2.14417e+05
-2.59283e-01,-4.73941e+05,5.61613e+04,-2.14751e+05
-2.64062e-01,-1.00493e+05,5.61083e+04,-2.15202e+05
-2.68841e-01,-4.49499e+05,5.60558e+04,-2.15463e+05
-2.73620e-01,-2.91976e+05,5.60037e+04,-2.15721e+05
-2.78399e-01,-7.96706e+04,5.59521e+04,-2.15882e+05
-2.83178e-01,-2.00267e+05,5.59009e+04,-2.15915e+05
-2.87958e-01,9.44761e+04,5.58502e+04,-2.15747e+05
-2.92737e-01,1.11629e+05,5.57998e+04,-2.15438e+05
-2.97516e-01,-6.10602e+04,5.57498e+04,-2.15111e+05
-3.02295e-01,-2.17830e+05,5.57002e+04,-2.14639e+05
-3.07074e-01,-1.71245e+05,5.56509e+04,-2.14123e+05
-3.11853e-01,-4.80393e+05,5.56020e+04,-2.13542e+05
-3.16632e-01,-1.40581e+05,5.55534e+04,-2.13016e+05
-3.21411e-01,-3.86037e+04,5.55052e+04,-2.12642e+05
-3.26190e-01,-1.51159e+05,5.54573e+04,-2.12230e+05
-3.30969e-01,1.87365e+04,5.54097e+04,-2.11708e+05
-3.35748e-01,-1.01596e+05,5.53625e+04,-2.11207e+05
-3.40527e-01,-2.23886e+04,5.53155e+04,-2.10594e+05
-3.45306e-01,-2.60278e+05,5.52689e+04,-2.10077e+05
-3.50085e-01,-2.24207e+04,5.52225e+04,-2.09506e+05
-3.54864e-01,-1.25165e+05,5.51764e+04,-2.08830e+05
-3.59643e-01,4.58603e+04,5.51306e+04,-2.08161e+05
-3.64422e-01,-3.46199e+03,5.50851e+04,-2.07527e+05
-3.69201e-01,1.69336e+05,5.50399e+04,-2.06952e+05
-3.73981e-01,6.56857e+03,5.49949e+04,-2.06272e+05
-3.78760e-01,-2.81921e+05,5.49503e+04,-2.05484e+05
-3.83539e-01,-6.85343e+04,5.49058e+04,-2.04644e+05
-3.88318e-01,-5.19870e+05,5.48616e+04,-2.03913e+05
-3.93097e-01,-4.46335e+05,5.48177e+04,-2.03337e+05
-3.97876e-01,-4.63072e+05,5.47740e+04,-2.02756e+05
-4.02655e-01,-1.81750e+05,5.47306e+04,-2.02114e+05
-4.07434e-01,-1.76682e+05,5.46874e+04,-2.01382e+05
-4.12213e-01,-3.77307e+05,5.46445e+04,-2.00754e+05
-4.16992e-01,-1.45374e+03,5.46018e+04,-2.00123e+05
-4.21771e-01,6.71678e+04,5.45593e+04,-1.99550e+05
-4.26550e-01,-1.38039e+05,5.45170e+04,-1.98928e+05
-4.31329e-01,-1.77817e+05,5.44750e+04,-1.98231e+05
-4.36108e-01,-3.34120e+04,5.44332e+04,-1.97621e+05
-4.40887e-01,6.79191e+04,5.43916e+04,-1.97127e+05
-4.45666e-01,-1.13946e+05,5.43502e+04,-1.96539e+05
-4.50445e-01,-1.98894e+05,5.43091e+04,-1.95939e+05
-4.55224e-01,-2.28081e+04,5.42681e+04,-1.95183e+05
-4.60003e-01,-4.99807e+05,5.42274e+04,-1.94536e+05
-4.64783e-01,-2.40767e+05,5.41869e+04,-1.94026e+05
-4.69562e-01,-7.23238e+04,5.41466e+04,-1.93474e+05
-4.74341e-01,-2.43387e+05,5.41064e+04,-1.93085e+05
-4.79120e-01,-9.65119e+04,5.40665e+04,-1.92558e+05
-4.83899e-01,-2.03001e+05,5.40268e+04,-1.92172e+05
-4.88678e-01,-1.71529e+05,5.39873e+04,-1.91666e+05
-4.93457e-01,-1.34061e+05,5.39480e+04,-1.91206e+05
-4.98236e-01,-3.21593e+04,5.39088e+04,-1.90732e+05
-5.03015e-01,-4.73997e+05,5.38699e+04,-1.90148e+05
-5.07794e-01,1.96246e+05,5.38311e+04,-1.89699e+05
-5.12573e-01,-1.99361e+05,5.37925e+04,-1.89274e+05
-5.17352e-01,-2.74837e+05,5.37542e+04,-1.89034e+05
-5.22131e-01,-4.84170e+04,5.37160e+04,-1.88757e+05
-5.26910e-01,1.68981e+05,5.36779e+04,-1.88394e+05
-5.31689e-01,1.50338e+05,5.36401e+04,-1.88108e+05
-5.36468e-01,-3.73809e+05,5.36024e+04,-1.87881e+05
-5.41247e-01,7.73294e+04,5.35649e+04,-1.87588e+05
-5.46026e-01,-4.78617e+04,5.35276e+04,-1.87278e+05
-5.50806e-01,-1.97563e+05,5.34905e+04,-1.87023e+05
-5.55585e-01,-2.67309e+05,5.34535e+04,-1.86692e+05
-5.60364e-01,-2.53495e+05,5.34167e+04,-1.86652e+05
-5.65143e-01,-1.82076e+05,5.33801e+04,-1.86574e+05
-5.69922e-01,-7.08971e+03,5.33436e+04,-1.86418e+05
-5.74701e-01,-3.33629e+05,5.33073e+04,-1.86221e+05
-5.79480e-01,4.65506e+04,5.32711e+04,-1.86037e+05
-5.84259e-01,-1.18081e+05,5.32352e+04,-1.85829e+05
-5.89038e-01,1.45384e+05,5.31993e+04,-1.85528e+05
-5.93817e-01,-9.29905e+04,5.31637e+04,-1.85338e+05
-5.98596e-01,-3.70592e+05,5.31282e+04,-1.85084e+05
-6.03375e-01,-3.52021e+04,5.30928e+04,-1.84790e+05
-6.08154e-01,-1.11852e+05,5.30576e+04,-1.84528e+05
-6.12933e-01,-1.23213e+05,5.30226e+04,-1.84256e+05
-6.17712e-01,-2.62131e+05,5.29877e+04,-1.83864e+05
-6.22491e-01,-7.85433e+04,5.29530e+04,-1.83343e+05
-6.27270e-01,-2.67020e+05,5.29184e+04,-1.82893e+05
-6.32049e-01,-2.54526e+05,5.28840e+04,-1.82229e+05
-6.36828e-01,-2.35281e+05,5.28497e+04,-1.81786e+05
-6.41608e-01,-8.68498e+04,5.28156e+04,-1.81473e+05
-6.46387e-01,-5.62815e+04,5.27816e+04,-1.81334e+05
-6.51166e-01,-2.89752e+05,5.27477e+04,-1.81200e+05
-6.55945e-01,-7.03173e+04,5.27140e+04,-1.81073e+05
-6.60724e-01,-2.03358e+05,5.26805e+04,-1.81120e+05
-6.65503e-01,-1.56207e+05,5.26471e+04,-1.81000e+05
-6.70282e-01,2.65794e+04,5.26138e+04,-1.80784e+05
-6.75061e-01,-5.65292e+04,5.25806e+04,-1.80564e+05
-6.79840e-01,-4.00937e+05,5.25476e+04,-1.80403e+05
-6.84619e-01,-1.23966e+05,5.25148e+04,-1.80166e+05
-6.89398e-01,-1.37698e+05,5.24821e+04,-1.79714e+05
-6.94177e-01,1.49998e+05,5.24495e+04,-1.79434e+05
-6.98956e-01,-1.42871e+05,5.24170e+04,-1.79130e+05
-7.03735e-01,-9.20564e+04,5.23847e+04,-1.78696e+05
-7.08514e-01,2.88526e+04,5.23525e+04,-1.78584e+05
-7.13293e-01,-3.38872e+05,5.23204e+04,-1.78530e+05
-7.18072e-01,-5.10729e+04,5.22885e+04,-1.78353e+05
-7.22851e-01,-1.49738e+05,5.22567e+04,-1.78268e+05
-7.27631e-01,9.91353e+04,5.22250e+04,-1.78271e+05
-7.32410e-01,-2.56564e+05,5.21935e+04,-1.78438e+05
-7.37189e-01,-1.15477e+05,5.21621e+04,-1.78520e+05
-7.41968e-01,2.21126e+05,5.21308e+04,-1.78575e+05
-7.46747e-01,-8.48258e+04,5.20996e+04,-1.78632e+05
-7.51526e-01,-2.20300e+05,5.20686e+04,-1.78857e+05
-7.56305e-01,-2.12112e+05,5.20377e+04,-1.78849e+05
-7.61084e-01,1.02057e+05,5.20069e+04,-1.78843e+05
-7.65863e-01,-1.09272e+04,5.19762e+04,-1.78947e+05
-7.70642e-01,-2.30793e+05,5.19456e+04,-1.78956e+05
-7.75421e-01,-4.85407e+05,5.19152e+04,-1.78752e+05
-7.80200e-01,-2.42862e+05,5.18849e+04,-1.78408e+05
-7.84979e-01,-1.68516e+05,5.18547e+04,-1.78104e+05
-7.89758e-01,-1.66899e+05,5.18246e+04,-1.77665e+05
-7.94537e-01,6.58878e+04,5.17947e+04,-1.77289e+05
-7.99316e-01,-3.99924e+05,5.17648e+04,-1.76930e+05
-8.04095e-01,-4.41817e+04,5.17351e+04,-1.76696e+05
-8.08874e-01,-6.30741e+04,5.17055e+04,-1.76495e+05
-8.13653e-01,-2.89153e+04,5.16760e+04,-1.76512e+05
-8.18433e-01,-3.10875e+05,5.16466e+04,-1.76394e+05
-8.23212e-01,-1.13646e+05,5.16173e+04,-1.76429e+05
-8.27991e-01,-4.56818e+04,5.15882e+04,-1.76494e+05
-8.32770e-01,-2.37282e+05,5.15591e+04,-1.76408e+05
-8.37549e-01,-1.08167e+05,5.15302e+04,-1.76181e+05
-8.42328e-01,-5.36748e+04,5.15013e+04,-1.75903e+05
-8.47107e-01,-3.76064e+05,5.14726e+04,-1.75750e+05
-8.51886e-01,-2.37843e+05,5.14440e+04,-1.75544e+05
-8.56665e-01,-1.78578e+05,5.14155e+04,-1.75369e+05
-8.61444e-01,4.25951e+03,5.13871e+04,-1.75183e+05
-8.66223e-01,-1.27128e+05,5.13588e+04,-1.75141e+05
-8.71002e-01,2.58018e+05,5.13306e+04,-1.75137e+05
-8.75781e-01,-2.01476e+05,5.13025e+04,-1.75127e+05
-8.80560e-01,-8.80465e+04,5.12746e+04,-1.75150e+05
-8.85339e-01,-1.58779e+05,5.12467e+04,-1.75317e+05
-8.90118e-01,-8.58690e+04,5.12189e+04,-1.75443e+05
-8.94897e-01,-9.63888e+04,5.11912e+04,-1.75560e+05
-8.99676e-01,-2.45064e+05,5.11637e+04,-1.75706e+05
-9.04456e-01,9.92046e+04,5.11362e+04,-1.75872e+05
-9.09235e-01,-1.24689e+05,5.11088e+04,-1.76023e+05
-9.14014e-01,-1.06172e+05,5.10816e+04,-1.76201e+05
-9.18793e-01,-2.02998e+05,5.10544e+04,-1.76169e+05
-9.23572e-01,-6.33234e+04,5.10273e+04,-1.76126e+05
-9.28351e-01,1.30720e+05,5.10004e+04,-1.76154e+05
-9.33130e-01,-5.00672e+05,5.09735e+04,-1.76145e+05
-9.37909e-01,-6.24895e+03,5.09467e+04,-1.76155e+05
-9.42688e-01,4.58468e+04,5.09201e+04,-1.76037e+05
-9.47467e-01,-4.33164e+05,5.08935e+04,-1.75990e+05
-9.52246e-01,-1.33020e+05,5.08670e+04,-1.75785e+05
-9.57025e-01,7.80164e+04,5.08406e+04,-1.75368e+05
-9.61804e-01,-1.99112e+05,5.08143e+04,-1.75071e+05
-9.66583e-01,-3.43964e+05,5.07881e+04,-1.74812e+05
-9.71362e-01,-3.91334e+05,5.07620e+04,-1.74499e+05
-9.76141e-01,9.58794e+04,5.07360e+04,-1.74140e+05
-9.80920e-01,-6.04792e+04,5.07101e+04,-1.73825e+05
-9.85699e-01,-2.23722e+05,5.06842e+04,-1.73520e+05
-9.90478e-01,-1.34524e+05,5.06585e+04,-1.72954e+05
-9.95258e-01,4.22600e+04,5.06328e+04,-1.72392e+05
