4.99648e+00,3.35518e+05,8.49385e+03,4.85751e+04
4.99170e+00,6.60310e+04,8.48704e+03,4.88089e+04
4.98692e+00,-1.74157e+05,8.48016e+03,4.89745e+04
4.98214e+00,1.03775e+05,8.47318e+03,4.92225e+04
4.97737e+00,6.36502e+03,8.46612e+03,4.95265e+04
4.97259e+00,8.11452e+04,8.45896e+03,4.98904e+04
4.96781e+00,1.10165e+05,8.45169e+03,5.00960e+04
4.96303e+00,1.61622e+05,8.44432e+03,5.01210e+04
4.95825e+00,5.82707e+04,8.43684e+03,5.01262e+04
4.95347e+00,-5.98517e+04,8.42924e+03,5.02268e+04
4.94869e+00,-1.03456e+04,8.42151e+03,5.04728e+04
4.94391e+00,1.34531e+05,8.41366e+03,5.06984e+04
4.93913e+00,1.35483e+05,8.40568e+03,5.10328e+04
4.93435e+00,3.18954e+04,8.39755e+03,5.12059e+04
4.92958e+00,3.61102e+05,8.38929e+03,5.13921e+04
4.92480e+00,1.23743e+05,8.38087e+03,5.16166e+04
4.92002e+00,2.13605e+05,8.37229e+03,5.18344e+04
4.91524e+00,2.66925e+04,8.36355e+03,5.22883e+04
4.91046e+00,1.42670e+05,8.35464e+03,5.26489e+04
4.90568e+00,6.84609e+03,8.34556e+03,5.29674e+04
4.90090e+00,-4.49496e+04,8.33629e+03,5.35374e+04
4.89612e+00,2.35828e+05,8.32683e+03,5.35158e+04
4.89134e+00,9.17649e+04,8.31718e+03,5.37347e+04
4.88656e+00,6.68858e+04,8.30732e+03,5.41938e+04
4.88178e+00,6.54379e+04,8.29725e+03,5.44035e+04
4.87701e+00,-2.02980e+04,8.28696e+03,5.44683e+04
4.87223e+00,8.00122e+04,8.27644e+03,5.43615e+04
4.86745e+00,2.24910e+05,8.26568e+03,5.42413e+04
4.86267e+00,2.93186e+04,8.25468e+03,5.42908e+04
4.85789e+00,3.47065e+04,8.24342e+03,5.44128e+04
4.85311e+00,-1.29273e+05,8.23189e+03,5.45829e+04
4.84833e+00,8.25385e+02,8.22009e+03,5.48413e+04
4.84355e+00,-1.47374e+05,8.20800e+03,5.48985e+04
4.83877e+00,-1.25777e+05,8.19562e+03,5.48459e+04
4.83399e+00,2.11155e+05,8.18292e+03,5.46952e+04
4.82921e+00,2.69052e+05,8.16990e+03,5.45892e+04
4.82444e+00,8.07792e+03,8.15655e+03,5.44162e+04
4.81966e+00,3.86397e+05,8.14285e+03,5.41482e+04
4.81488e+00,-1.32570e+05,8.12879e+03,5.38056e+04
4.81010e+00,-2.16399e+05,8.11435e+03,5.36086e+04
4.80532e+00,-1.98470e+05,8.09952e+03,5.32436e+04
4.80054e+00,1.32837e+05,8.08428e+03,5.27542e+04
4.79576e+00,1.39308e+05,8.06862e+03,5.20952e+04
4.79098e+00,1.56708e+05,8.05251e+03,5.14265e+04
4.78620e+00,1.35682e+05,8.03594e+03,5.08376e+04
4.78142e+00,1.52545e+05,8.01889e+03,5.04409e+04
4.77665e+00,3.35195e+04,8.00134e+03,5.00320e+04
4.77187e+00,1.28800e+05,7.98326e+03,4.94758e+04
4.76709e+00,2.52847e+05,7.96463e+03,4.90791e+04
4.76231e+00,1.10725e+05,7.94542e+03,4.87129e+04
4.75753e+00,-1.30334e+05,7.92562e+03,4.83307e+04
4.75275e+00,-1.71426e+03,7.90519e+03,4.79566e+04
4.74797e+00,-9.47155e+04,7.88410e+03,4.77027e+04
4.74319e+00,1.00687e+05,7.86233e+03,4.74630e+04
4.73841e+00,2.05336e+04,7.83983e+03,4.72230e+04
4.73363e+00,1.75410e+05,7.81657e+03,4.69800e+04
4.72885e+00,-1.10028e+05,7.79251e+03,4.66927e+04
4.72408e+00,-1.88751e+05,7.76762e+03,4.64691e+04
4.71930e+00,7.40056e+04,7.74185e+03,4.63874e+04
4.71452e+00,1.82091e+05,7.71514e+03,4.62596e+04
4.70974e+00,2.58099e+05,7.68746e+03,4.60468e+04
4.70496e+00,-4.52805e+04,7.65874e+03,4.57107e+04
4.70018e+00,1.65100e+05,7.62892e+03,4.52690e+04
4.69540e+00,-1.66623e+05,7.59794e+03,4.48129e+04
4.69062e+00,1.11994e+05,7.56571e+03,4.44922e+04
4.68584e+00,6.60441e+04,7.53217e+03,4.41642e+04
4.68106e+00,-7.17100e+04,7.49721e+03,4.39195e+04
4.67628e+00,3.93454e+05,7.46072e+03,4.38195e+04
4.67151e+00,-5.75025e+04,7.42257e+03,4.36914e+04
4.66673e+00,-4.71085e+04,7.38261e+03,4.36635e+04
4.66195e+00,4.22760e+05,7.34061e+03,4.37769e+04
4.65717e+00,-1.02333e+06,7.29629e+03,4.39586e+04
4.65239e+00,6.70686e+05,7.24915e+03,4.40180e+04
4.64761e+00,5.08789e+05,7.19827e+03,4.43619e+04
4.64283e+00,-1.58484e+05,7.14157e+03,4.48042e+04
4.63805e+00,-1.71150e+05,7.07416e+03,4.53120e+04
4.63327e+00,-1.46168e+05,6.98568e+03,4.57279e+04
4.62849e+00,1.75545e+04,6.85927e+03,4.61017e+04
4.62372e+00,3.24789e+05,6.67855e+03,4.64331e+04
4.61894e+00,1.91849e+05,6.44706e+03,4.68508e+04
4.61416e+00,1.10631e+05,6.20763e+03,4.73834e+04
4.60938e+00,2.25242e+05,6.03246e+03,4.78654e+04
4.60460e+00,-2.27678e+04,5.97528e+03,4.81670e+04
4.59982e+00,4.08906e+03,6.02669e+03,4.84613e+04
4.59504e+00,3.11255e+04,6.12228e+03,4.85667e+04
4.59026e+00,1.46813e+05,6.19417e+03,4.86184e+04
4.58548e+00,-9.01272e+03,6.21071e+03,4.86435e+04
4.58070e+00,-7.03582e+04,6.17561e+03,4.88211e+04
4.57592e+00,-5.98853e+04,6.10576e+03,4.89720e+04
4.57115e+00,2.43675e+05,6.01498e+03,4.91582e+04
4.56637e+00,-2.20583e+05,5.91046e+03,4.92540e+04
4.56159e+00,-1.85762e+05,5.79501e+03,4.91061e+04
4.55681e+00,-8.28429e+04,5.66920e+03,4.87773e+04
4.55203e+00,1.14696e+05,5.53264e+03,4.84555e+04
4.54725e+00,2.95997e+05,5.38477e+03,4.81858e+04
4.54247e+00,2.58328e+05,5.22545e+03,4.80490e+04
4.53769e+00,-1.72512e+05,5.05458e+03,4.80288e+04
4.53291e+00,1.19830e+05,4.87094e+03,4.80503e+04
4.52813e+00,2.85712e+05,4.67141e+03,4.80235e+04
4.52335e+00,7.81107e+04,4.45145e+03,4.81219e+04
4.51858e+00,-1.42934e+05,4.20621e+03,4.82373e+04
4.51380e+00,7.38798e+03,3.93117e+03,4.85032e+04
4.50902e+00,2.59706e+04,3.62142e+03,4.87329e+04
4.50424e+00,7.10094e+04,3.27036e+03,4.89735e+04
4.49946e+00,2.79868e+05,2.86873e+03,4.91260e+04
4.49468e+00,-4.75562e+03,2.40360e+03,4.93192e+04
4.48990e+00,4.53996e+03,1.85622e+03,4.94651e+04
4.48512e+00,1.55994e+05,1.19710e+03,4.96239e+04
4.48034e+00,2.91107e+05,3.76021e+02,4.96663e+04
4.47556e+00,-1.58618e+05,-6.99088e+02,4.96475e+04
4.47079e+00,-1.38541e+05,-2.20520e+03,4.95176e+04
4.46601e+00,-1.04171e+05,-4.46703e+03,4.95415e+04
4.46123e+00,-1.20240e+05,-7.96739e+03,4.94963e+04
4.45645e+00,-7.93287e+04,-1.31116e+04,4.93082e+04
4.45167e+00,2.28682e+05,-1.95929e+04,4.91301e+04
4.44689e+00,2.41234e+04,-2.57267e+04,4.87441e+04
4.44211e+00,-1.17382e+05,-2.87799e+04,4.83552e+04
4.43733e+00,2.50767e+05,-2.68048e+04,4.79502e+04
4.43255e+00,-1.97370e+05,-2.05583e+04,4.74359e+04
4.42777e+00,2.67030e+05,-1.32700e+04,4.70792e+04
4.42299e+00,2.42684e+05,-8.19241e+03,4.65680e+04
4.41822e+00,2.26733e+05,-6.35478e+03,4.59329e+04
4.41344e+00,-1.23012e+05,-6.43190e+03,4.54993e+04
4.40866e+00,4.54110e+05,-6.33383e+03,4.45242e+04
4.40388e+00,2.07694e+05,-4.92761e+03,4.39222e+04
4.39910e+00,1.66359e+05,-2.64356e+03,4.35278e+04
4.39432e+00,-1.60911e+05,-7.60272e+02,4.31030e+04
4.38954e+00,3.11944e+04,-2.17199e+02,4.26019e+04
4.38476e+00,-7.01261e+04,-9.94531e+02,4.19140e+04
4.37998e+00,5.59596e+04,-2.32920e+03,4.12197e+04
4.37520e+00,3.11571e+05,-3.36476e+03,4.06277e+04
4.37042e+00,-4.24075e+04,-3.74666e+03,4.00677e+04
4.36565e+00,-1.50616e+05,-3.74432e+03,3.95388e+04
4.36087e+00,8.45500e+04,-3.69834e+03,3.91894e+04
4.35609e+00,-1.48858e+05,-3.18683e+03,3.89174e+04
4.35131e+00,1.17034e+05,-7.47222e+02,3.85968e+04
4.34653e+00,-1.56380e+05,5.34649e+03,3.82611e+04
4.34175e+00,1.73318e+05,1.55650e+04,3.78096e+04
4.33697e+00,6.96049e+04,2.79057e+04,3.73042e+04
4.33219e+00,-1.67889e+05,3.83179e+04,3.65908e+04
4.32741e+00,9.18033e+04,4.31462e+04,3.57029e+04
4.32263e+00,-1.49178e+05,4.17495e+04,3.48489e+04
4.31786e+00,-3.99065e+04,3.67070e+04,3.37845e+04
4.31308e+00,1.90867e+04,3.15155e+04,3.25953e+04
4.30830e+00,1.03986e+05,2.83079e+04,3.12261e+04
4.30352e+00,2.55251e+05,2.74543e+04,2.97655e+04
4.29874e+00,2.42798e+05,2.84854e+04,2.84559e+04
4.29396e+00,7.01355e+04,3.08650e+04,2.71951e+04
4.28918e+00,3.04846e+03,3.40575e+04,2.57850e+04
4.28440e+00,2.76509e+05,3.73542e+04,2.45096e+04
4.27962e+00,-7.28022e+04,4.00136e+04,2.34247e+04
4.27484e+00,3.52542e+05,4.16575e+04,2.23635e+04
4.27006e+00,2.01483e+05,4.24308e+04,2.11981e+04
4.26529e+00,1.72916e+05,4.27031e+04,2.00175e+04
4.26051e+00,5.72719e+04,4.26769e+04,1.88837e+04
4.25573e+00,1.33666e+05,4.23532e+04,1.77665e+04
4.25095e+00,2.79186e+04,4.17894e+04,1.66945e+04
4.24617e+00,-9.86985e+01,4.11900e+04,1.56234e+04
4.24139e+00,1.21422e+04,4.06719e+04,1.45176e+04
4.23661e+00,2.07059e+05,4.00618e+04,1.33874e+04
4.23183e+00,-1.62303e+05,3.90489e+04,1.23707e+04
4.22705e+00,2.86414e+05,3.75049e+04,1.12869e+04
4.22227e+00,-2.61329e+05,3.55852e+04,1.01529e+04
4.21749e+00,-1.16026e+05,3.35627e+04,8.95319e+03
4.21272e+00,-5.92110e+03,3.16460e+04,7.67890e+03
4.20794e+00,-1.35977e+05,2.99413e+04,6.28063e+03
4.20316e+00,1.54247e+04,2.84935e+04,4.93093e+03
4.19838e+00,3.15977e+04,2.73134e+04,3.54641e+03
4.19360e+00,-2.89936e+04,2.63819e+04,2.10590e+03
4.18882e+00,6.70081e+04,2.56605e+04,6.92426e+02
4.18404e+00,-1.41853e+05,2.51135e+04,-1.07076e+03
4.17926e+00,-8.86789e+04,2.47253e+04,-2.85047e+03
4.17448e+00,1.25775e+05,2.45028e+04,-4.63855e+03
4.16970e+00,4.25423e+03,2.44552e+04,-6.43129e+03
4.16493e+00,2.36858e+05,2.45611e+04,-8.29359e+03
4.16015e+00,4.88212e+04,2.47501e+04,-9.95845e+03
4.15537e+00,2.13341e+05,2.49289e+04,-1.16744e+04
4.15059e+00,1.28795e+05,2.50349e+04,-1.34881e+04
4.14581e+00,-1.30606e+05,2.50664e+04,-1.54757e+04
4.14103e+00,8.48936e+04,2.50609e+04,-1.73840e+04
4.13625e+00,4.83337e+03,2.50537e+04,-1.92983e+04
4.13147e+00,-1.14735e+04,2.50542e+04,-2.11728e+04
4.12669e+00,6.63516e+04,2.50460e+04,-2.28385e+04
4.12191e+00,2.63188e+05,2.49982e+04,-2.46602e+04
4.11713e+00,2.95320e+05,2.48789e+04,-2.66486e+04
4.11236e+00,1.95402e+03,2.46692e+04,-2.86645e+04
4.10758e+00,4.47533e+04,2.43811e+04,-3.08151e+04
4.10280e+00,-2.84274e+05,2.40818e+04,-3.31024e+04
4.09802e+00,1.22488e+03,2.39160e+04,-3.55443e+04
4.09324e+00,-2.63352e+05,2.41107e+04,-3.79462e+04
4.08846e+00,-2.03794e+05,2.49437e+04,-4.03521e+04
4.08368e+00,-6.80757e+04,2.66835e+04,-4.29479e+04
4.07890e+00,-1.17887e+05,2.95121e+04,-4.55255e+04
4.07412e+00,2.93745e+04,3.34542e+04,-4.83619e+04
4.06934e+00,-1.87487e+05,3.83504e+04,-5.14284e+04
4.06456e+00,-1.95458e+05,4.39058e+04,-5.45265e+04
4.05979e+00,1.37038e+05,4.97818e+04,-5.77126e+04
4.05501e+00,-3.77568e+04,5.56547e+04,-6.08855e+04
4.05023e+00,-2.15263e+04,6.12085e+04,-6.40318e+04
4.04545e+00,2.86740e+05,6.61278e+04,-6.73109e+04
4.04067e+00,2.39843e+05,7.01744e+04,-7.07471e+04
4.03589e+00,9.65288e+04,7.33373e+04,-7.41457e+04
4.03111e+00,4.81306e+04,7.59400e+04,-7.76415e+04
4.02633e+00,8.53815e+04,7.85982e+04,-8.11220e+04
4.02155e+00,1.98465e+05,8.20422e+04,-8.45526e+04
4.01677e+00,9.19157e+04,8.69220e+04,-8.79943e+04
4.01200e+00,-5.22880e+04,9.37223e+04,-9.14585e+04
4.00722e+00,1.45092e+05,1.02829e+05,-9.50299e+04
4.00244e+00,7.01921e+04,1.14697e+05,-9.87171e+04
3.99766e+00,-4.71444e+04,1.30074e+05,-1.02527e+05
3.99288e+00,1.25481e+05,1.50269e+05,-1.06478e+05
3.98810e+00,2.18767e+05,1.77389e+05,-1.10425e+05
3.98332e+00,2.67326e+05,2.14347e+05,-1.14482e+05
3.97854e+00,2.45891e+05,2.64502e+05,-1.18498e+05
3.97376e+00,3.04188e+05,3.31181e+05,-1.22658e+05
3.96898e+00,2.37511e+05,4.17341e+05,-1.26819e+05
3.96420e+00,3.91577e+05,5.24869e+05,-1.30997e+05
3.95943e+00,5.38795e+05,6.52222e+05,-1.35458e+05
3.95465e+00,7.68075e+05,7.90431e+05,-1.39975e+05
3.94987e+00,7.04554e+05,9.20902e+05,-1.44647e+05
3.94509e+00,4.61122e+05,1.02029e+06,-1.49524e+05
3.94031e+00,7.56809e+05,1.07408e+06,-1.54680e+05
3.93553e+00,8.17519e+05,1.09175e+06,-1.60081e+05
3.93075e+00,8.55137e+05,1.10733e+06,-1.65556e+05
3.92597e+00,1.10907e+06,1.15200e+06,-1.71266e+05
3.92119e+00,1.15396e+06,1.21469e+06,-1.77202e+05
3.91641e+00,8.97032e+05,1.23722e+06,-1.83117e+05
3.91163e+00,7.66545e+05,1.16518e+06,-1.89251e+05
3.90686e+00,7.69567e+05,1.00300e+06,-1.95341e+05
3.90208e+00,9.14249e+05,8.09367e+05,-2.01579e+05
3.89730e+00,6.66329e+05,6.44649e+05,-2.08021e+05
3.89252e+00,5.21267e+05,5.34027e+05,-2.14405e+05
3.88774e+00,5.55081e+05,4.72399e+05,-2.20761e+05
3.88296e+00,1.09685e+05,4.45499e+05,-2.27019e+05
3.87818e+00,1.86494e+05,4.40406e+05,-2.33245e+05
3.87340e+00,2.45134e+05,4.44788e+05,-2.39344e+05
3.86862e+00,2.50424e+05,4.45944e+05,-2.45260e+05
3.86384e+00,-3.31830e+04,4.34438e+05,-2.51324e+05
3.85907e+00,1.78421e+05,4.08985e+05,-2.57225e+05
3.85429e+00,2.33267e+05,3.77831e+05,-2.63369e+05
3.84951e+00,2.29049e+05,3.54907e+05,-2.69506e+05
3.84473e+00,7.79285e+04,3.52860e+05,-2.75768e+05
3.83995e+00,2.80934e+05,3.77102e+05,-2.82012e+05
3.83517e+00,-2.21293e+04,4.23619e+05,-2.88252e+05
3.83039e+00,-2.48023e+04,4.80607e+05,-2.94431e+05
3.82561e+00,3.76148e+05,5.33054e+05,-3.00426e+05
3.82083e+00,1.98198e+05,5.68620e+05,-3.06478e+05
3.81605e+00,2.66258e+05,5.81608e+05,-3.12659e+05
3.81127e+00,2.92880e+05,5.72899e+05,-3.18766e+05
3.80650e+00,1.00357e+05,5.47557e+05,-3.24784e+05
3.80172e+00,7.81835e+04,5.13165e+05,-3.30786e+05
3.79694e+00,1.77853e+05,4.79260e+05,-3.36672e+05
3.79216e+00,2.15755e+05,4.56063e+05,-3.42418e+05
3.78738e+00,1.77829e+04,4.51718e+05,-3.48114e+05
3.78260e+00,2.53204e+05,4.69275e+05,-3.53765e+05
3.77782e+00,1.82389e+05,5.05136e+05,-3.59393e+05
3.77304e+00,3.11724e+05,5.49651e+05,-3.64864e+05
3.76826e+00,8.93702e+04,5.89866e+05,-3.70253e+05
3.76348e+00,1.93985e+05,6.14135e+05,-3.75521e+05
3.75870e+00,2.01053e+05,6.16947e+05,-3.80536e+05
3.75393e+00,1.28727e+05,6.00716e+05,-3.85344e+05
3.74915e+00,1.99072e+05,5.72580e+05,-3.89961e+05
3.74437e+00,2.89850e+05,5.38857e+05,-3.94390e+05
3.73959e+00,1.08813e+05,5.02353e+05,-3.98428e+05
3.73481e+00,2.20982e+05,4.64432e+05,-4.02198e+05
3.73003e+00,3.30727e+05,4.28502e+05,-4.05733e+05
3.72525e+00,1.49073e+05,4.00909e+05,-4.09204e+05
3.72047e+00,-3.02161e+05,3.88850e+05,-4.12605e+05
3.71569e+00,1.81835e+04,3.97134e+05,-4.15918e+05
3.71091e+00,-1.82683e+05,4.24912e+05,-4.19000e+05
3.70614e+00,-2.04818e+05,4.63452e+05,-4.21912e+05
3.70136e+00,-4.31644e+05,4.97970e+05,-4.24622e+05
3.69658e+00,-1.41548e+05,5.15755e+05,-4.27571e+05
3.69180e+00,1.53451e+05,5.16293e+05,-4.30590e+05
3.68702e+00,-4.14737e+05,5.13824e+05,-4.33694e+05
3.68224e+00,-2.71067e+05,5.28257e+05,-4.36698e+05
3.67746e+00,5.11666e+04,5.71564e+05,-4.39463e+05
3.67268e+00,-2.13465e+05,6.39971e+05,-4.42020e+05
3.66790e+00,2.40672e+05,7.15714e+05,-4.44554e+05
3.66312e+00,-3.06417e+04,7.75884e+05,-4.46979e+05
3.65834e+00,1.28146e+05,8.03821e+05,-4.49397e+05
3.65357e+00,4.43116e+05,7.97332e+05,-4.51509e+05
3.64879e+00,4.17754e+05,7.68623e+05,-4.53406e+05
3.64401e+00,5.38694e+05,7.35911e+05,-4.55164e+05
3.63923e+00,2.85956e+05,7.12488e+05,-4.56657e+05
3.63445e+00,2.60757e+05,7.00045e+05,-4.58077e+05
3.62967e+00,3.27924e+05,6.89819e+05,-4.59520e+05
3.62489e+00,-1.10098e+05,6.70555e+05,-4.60834e+05
3.62011e+00,4.58640e+05,6.37748e+05,-4.62131e+05
3.61533e+00,-1.20585e+05,5.96946e+05,-4.63368e+05
3.61055e+00,6.75617e+04,5.58811e+05,-4.64413e+05
3.60577e+00,1.81962e+04,5.31635e+05,-4.65367e+05
3.60100e+00,2.31587e+05,5.18455e+05,-4.66142e+05
3.59622e+00,6.21889e+04,5.19614e+05,-4.66682e+05
3.59144e+00,2.33665e+05,5.36251e+05,-4.67025e+05
3.58666e+00,3.73364e+05,5.70812e+05,-4.67352e+05
3.58188e+00,1.30612e+05,6.24195e+05,-4.67647e+05
3.57710e+00,4.52356e+04,6.91883e+05,-4.67760e+05
3.57232e+00,2.06269e+05,7.62385e+05,-4.67811e+05
3.56754e+00,4.62164e+05,8.20155e+05,-4.67735e+05
3.56276e+00,3.20382e+05,8.51894e+05,-4.67494e+05
3.55798e+00,2.14937e+05,8.52158e+05,-4.67104e+05
3.55321e+00,2.76655e+05,8.24451e+05,-4.66576e+05
3.54843e+00,1.72348e+05,7.77550e+05,-4.66035e+05
3.54365e+00,1.49818e+05,7.20441e+05,-4.65331e+05
3.53887e+00,-7.14970e+03,6.59467e+05,-4.64540e+05
3.53409e+00,9.37125e+04,5.98519e+05,-4.63388e+05
3.52931e+00,-2.01958e+04,5.40547e+05,-4.62051e+05
3.52453e+00,1.47735e+05,4.88553e+05,-4.60491e+05
3.51975e+00,1.87744e+05,4.45614e+05,-4.58805e+05
3.51497e+00,1.32275e+05,4.14407e+05,-4.57156e+05
3.51019e+00,2.07038e+05,3.96523e+05,-4.55448e+05
3.50541e+00,3.25682e+04,3.91594e+05,-4.53604e+05
3.50064e+00,3.89839e+05,3.96579e+05,-4.51660e+05
3.49586e+00,1.23153e+05,4.06036e+05,-4.49558e+05
3.49108e+00,1.22232e+05,4.13822e+05,-4.47408e+05
3.48630e+00,-2.35159e+05,4.15583e+05,-4.45084e+05
3.48152e+00,-7.76414e+04,4.10561e+05,-4.42541e+05
3.47674e+00,-1.05990e+05,4.01571e+05,-4.39811e+05
3.47196e+00,1.61853e+05,3.93296e+05,-4.37279e+05
3.46718e+00,-6.91413e+04,3.90121e+05,-4.34593e+05
3.46240e+00,1.96385e+05,3.94731e+05,-4.31844e+05
3.45762e+00,-3.87738e+05,4.07777e+05,-4.29012e+05
3.45284e+00,-2.57668e+05,4.28052e+05,-4.26351e+05
3.44807e+00,-3.12379e+05,4.52577e+05,-4.23662e+05
3.44329e+00,7.24788e+04,4.76700e+05,-4.20807e+05
3.43851e+00,1.65825e+05,4.94978e+05,-4.18020e+05
3.43373e+00,1.27247e+05,5.03167e+05,-4.15307e+05
3.42895e+00,1.15530e+03,5.00409e+05,-4.12577e+05
3.42417e+00,2.32233e+05,4.90022e+05,-4.09933e+05
3.41939e+00,-1.68226e+05,4.78192e+05,-4.07401e+05
3.41461e+00,1.12913e+05,4.71313e+05,-4.04881e+05
3.40983e+00,1.12106e+03,4.73346e+05,-4.02269e+05
3.40505e+00,-1.17062e+05,4.84122e+05,-3.99539e+05
3.40028e+00,6.57263e+04,4.99127e+05,-3.96721e+05
3.39550e+00,8.87428e+04,5.11129e+05,-3.93625e+05
3.39072e+00,-1.98019e+05,5.13596e+05,-3.90379e+05
3.38594e+00,5.64864e+04,5.04876e+05,-3.87111e+05
3.38116e+00,-1.97970e+05,4.91372e+05,-3.83673e+05
3.37638e+00,1.57486e+05,4.87788e+05,-3.80328e+05
3.37160e+00,2.19659e+05,5.11976e+05,-3.76827e+05
3.36682e+00,-1.83017e+04,5.72684e+05,-3.73252e+05
3.36204e+00,2.25765e+05,6.55424e+05,-3.69671e+05
3.35726e+00,5.62899e+05,7.21871e+05,-3.66092e+05
3.35248e+00,3.09503e+05,7.33196e+05,-3.62324e+05
3.34771e+00,2.25870e+05,6.80793e+05,-3.58471e+05
3.34293e+00,2.31824e+05,5.92554e+05,-3.54517e+05
3.33815e+00,1.12972e+05,5.08514e+05,-3.50439e+05
3.33337e+00,1.98552e+04,4.53687e+05,-3.46292e+05
3.32859e+00,7.98178e+04,4.31893e+05,-3.42282e+05
3.32381e+00,1.27593e+05,4.35777e+05,-3.38291e+05
3.31903e+00,2.83344e+05,4.56451e+05,-3.34272e+05
3.31425e+00,2.77743e+05,4.86041e+05,-3.30187e+05
3.30947e+00,-8.77249e+04,5.16773e+05,-3.26186e+05
3.30469e+00,1.94072e+05,5.41201e+05,-3.22225e+05
3.29992e+00,2.39311e+05,5.54515e+05,-3.18284e+05
3.29514e+00,6.05793e+05,5.56982e+05,-3.14287e+05
3.29036e+00,3.42037e+05,5.54303e+05,-3.10324e+05
3.28558e+00,3.37073e+05,5.55325e+05,-3.06375e+05
3.28080e+00,4.14427e+05,5.68395e+05,-3.02402e+05
3.27602e+00,2.40195e+04,5.98427e+05,-2.98417e+05
3.27124e+00,2.70237e+05,6.46159e+05,-2.94263e+05
3.26646e+00,5.58239e+05,7.10108e+05,-2.90011e+05
3.26168e+00,4.68192e+05,7.90746e+05,-2.85543e+05
3.25690e+00,5.74718e+05,8.95098e+05,-2.80937e+05
3.25212e+00,6.34485e+05,1.03866e+06,-2.76152e+05
3.24735e+00,9.55899e+05,1.24183e+06,-2.71253e+05
3.24257e+00,1.19099e+06,1.52172e+06,-2.66297e+05
3.23779e+00,1.64781e+06,1.88449e+06,-2.61312e+05
3.23301e+00,1.71166e+06,2.31982e+06,-2.56461e+05
3.22823e+00,2.61871e+06,2.78856e+06,-2.51704e+05
3.22345e+00,3.07206e+06,3.20145e+06,-2.46888e+05
3.21867e+00,3.40020e+06,3.42034e+06,-2.41976e+05
3.21389e+00,3.03184e+06,3.32161e+06,-2.36874e+05
3.20911e+00,2.75795e+06,2.89223e+06,-2.32142e+05
3.20433e+00,2.12375e+06,2.26025e+06,-2.27513e+05
3.19955e+00,1.55896e+06,1.61528e+06,-2.23159e+05
3.19478e+00,9.03590e+05,1.09547e+06,-2.18674e+05
3.19000e+00,4.66050e+05,7.40373e+05,-2.14094e+05
3.18522e+00,3.66844e+05,5.20772e+05,-2.09483e+05
3.18044e+00,-1.91848e+05,3.89071e+05,-2.04987e+05
3.17566e+00,2.74333e+05,3.08036e+05,-2.00415e+05
3.17088e+00,3.17116e+05,2.55671e+05,-1.96006e+05
3.16610e+00,1.87937e+04,2.20422e+05,-1.91618e+05
3.16132e+00,-6.78700e+04,1.96223e+05,-1.87223e+05
3.15654e+00,1.69677e+05,1.79683e+05,-1.82975e+05
3.15176e+00,1.24990e+05,1.68798e+05,-1.78655e+05
3.14699e+00,-1.33244e+05,1.62371e+05,-1.74464e+05
3.14221e+00,1.06306e+05,1.59718e+05,-1.70353e+05
3.13743e+00,-2.27211e+04,1.60481e+05,-1.66270e+05
3.13265e+00,-8.79642e+04,1.64463e+05,-1.62342e+05
3.12787e+00,2.91946e+05,1.71425e+05,-1.58398e+05
3.12309e+00,-6.11664e+04,1.80840e+05,-1.54409e+05
3.11831e+00,-3.97047e+04,1.91705e+05,-1.50466e+05
3.11353e+00,1.56237e+05,2.02609e+05,-1.46624e+05
3.10875e+00,1.23106e+05,2.12247e+05,-1.42689e+05
3.10397e+00,1.98689e+04,2.20275e+05,-1.38863e+05
3.09919e+00,-2.16924e+04,2.28050e+05,-1.35150e+05
3.09442e+00,1.75280e+05,2.38781e+05,-1.31483e+05
3.08964e+00,-7.53695e+04,2.57013e+05,-1.27936e+05
3.08486e+00,1.17059e+05,2.87967e+05,-1.24313e+05
3.08008e+00,7.95092e+04,3.37324e+05,-1.20743e+05
3.07530e+00,4.13849e+05,4.11592e+05,-1.17261e+05
3.07052e+00,3.15828e+05,5.18621e+05,-1.13690e+05
3.06574e+00,4.81012e+05,6.67721e+05,-1.10114e+05
3.06096e+00,7.87320e+05,8.69432e+05,-1.06754e+05
3.05618e+00,1.18855e+06,1.13536e+06,-1.03466e+05
3.05140e+00,1.44166e+06,1.47563e+06,-1.00345e+05
3.04662e+00,1.73881e+06,1.88537e+06,-9.71508e+04
3.04185e+00,2.31498e+06,2.31501e+06,-9.39333e+04
3.03707e+00,2.40975e+06,2.64877e+06,-9.08275e+04
3.03229e+00,2.75726e+06,2.74097e+06,-8.75240e+04
3.02751e+00,2.41648e+06,2.51538e+06,-8.45679e+04
3.02273e+00,2.10554e+06,2.03951e+06,-8.18066e+04
3.01795e+00,1.56142e+06,1.48498e+06,-7.91214e+04
3.01317e+00,8.34473e+05,1.01023e+06,-7.65370e+04
3.00839e+00,6.52421e+05,6.82241e+05,-7.39358e+04
3.00361e+00,3.55540e+05,4.86694e+05,-7.14107e+04
2.99883e+00,5.58797e+05,3.79110e+05,-6.89950e+04
2.99406e+00,3.71570e+03,3.20466e+05,-6.67172e+04
2.98928e+00,8.35877e+04,2.85933e+05,-6.46057e+04
2.98450e+00,1.11710e+05,2.61397e+05,-6.27962e+04
2.97972e+00,4.08152e+05,2.39402e+05,-6.09577e+04
2.97494e+00,3.30971e+05,2.16940e+05,-5.92892e+04
2.97016e+00,-2.62258e+05,1.93910e+05,-5.75729e+04
2.96538e+00,1.73382e+05,1.71557e+05,-5.58516e+04
2.96060e+00,-1.16654e+05,1.51186e+05,-5.41854e+04
2.95582e+00,3.66411e+05,1.33514e+05,-5.24915e+04
2.95104e+00,2.10745e+05,1.18636e+05,-5.06069e+04
2.94626e+00,1.21401e+05,1.06262e+05,-4.86659e+04
2.94149e+00,-6.96460e+04,9.59644e+04,-4.67924e+04
2.93671e+00,9.69482e+04,8.73321e+04,-4.48855e+04
2.93193e+00,-1.79544e+04,8.00302e+04,-4.31374e+04
2.92715e+00,-3.25038e+03,7.38320e+04,-4.13172e+04
2.92237e+00,1.72858e+05,6.86553e+04,-3.94266e+04
2.91759e+00,-2.05241e+04,6.46027e+04,-3.76162e+04
2.91281e+00,2.81816e+05,6.19140e+04,-3.58977e+04
2.90803e+00,-1.46559e+05,6.07049e+04,-3.40712e+04
2.90325e+00,2.55884e+05,6.05614e+04,-3.22401e+04
2.89847e+00,1.08089e+05,6.04202e+04,-3.04863e+04
2.89369e+00,8.77016e+04,5.91181e+04,-2.88505e+04
2.88892e+00,9.85669e+04,5.62656e+04,-2.73858e+04
2.88414e+00,1.20576e+05,5.25721e+04,-2.62626e+04
2.87936e+00,2.36465e+05,4.92936e+04,-2.52089e+04
2.87458e+00,-3.82586e+04,4.73544e+04,-2.44234e+04
2.86980e+00,1.08598e+05,4.68012e+04,-2.40594e+04
2.86502e+00,-4.40798e+04,4.68381e+04,-2.39673e+04
2.86024e+00,-1.51280e+04,4.63944e+04,-2.41413e+04
2.85546e+00,3.76891e+04,4.48647e+04,-2.45860e+04
2.85068e+00,-7.52712e+04,4.24308e+04,-2.53287e+04
2.84590e+00,3.74224e+05,3.97328e+04,-2.63323e+04
2.84113e+00,3.23456e+04,3.73175e+04,-2.77637e+04
2.83635e+00,-8.49198e+04,3.53826e+04,-2.93798e+04
2.83157e+00,1.59401e+05,3.38708e+04,-3.12962e+04
2.82679e+00,2.44507e+04,3.26538e+04,-3.35056e+04
2.82201e+00,-3.90384e+04,3.16351e+04,-3.60446e+04
2.81723e+00,1.31142e+04,3.07703e+04,-3.88285e+04
2.81245e+00,-2.14917e+05,3.00665e+04,-4.17706e+04
2.80767e+00,-6.51250e+04,2.96119e+04,-4.49462e+04
2.80289e+00,9.67369e+04,2.96993e+04,-4.82413e+04
2.79811e+00,-1.73901e+05,3.11368e+04,-5.13588e+04
2.79333e+00,4.24911e+05,3.57569e+04,-5.42973e+04
2.78856e+00,-2.86449e+05,4.67091e+04,-5.71525e+04
2.78378e+00,-1.36467e+05,6.75070e+04,-5.97510e+04
2.77900e+00,-7.29645e+04,9.90910e+04,-6.23154e+04
2.77422e+00,8.81159e+04,1.36391e+05,-6.46654e+04
2.76944e+00,3.70761e+05,1.68185e+05,-6.67853e+04
2.76466e+00,2.78650e+05,1.82574e+05,-6.87443e+04
2.75988e+00,8.73040e+04,1.75096e+05,-7.05411e+04
2.75510e+00,5.50770e+04,1.52943e+05,-7.22310e+04
2.75032e+00,-1.16191e+05,1.31219e+05,-7.38105e+04
2.74554e+00,-3.40892e+04,1.23691e+05,-7.55551e+04
2.74076e+00,2.40435e+05,1.34969e+05,-7.74562e+04
2.73599e+00,-1.91617e+05,1.59384e+05,-7.95251e+04
2.73121e+00,1.88305e+05,1.85999e+05,-8.16102e+04
2.72643e+00,3.90066e+05,2.04960e+05,-8.38118e+04
2.72165e+00,1.17346e+05,2.10771e+05,-8.62788e+04
2.71687e+00,2.88030e+05,2.01771e+05,-8.89185e+04
2.71209e+00,5.32576e+05,1.78806e+05,-9.16677e+04
2.70731e+00,3.55135e+05,1.45717e+05,-9.41741e+04
2.70253e+00,1.44336e+05,1.09863e+05,-9.64587e+04
2.69775e+00,2.10597e+05,7.95191e+04,-9.85946e+04
2.69297e+00,2.15887e+05,5.96550e+04,-1.00822e+05
2.68820e+00,1.49992e+05,5.05605e+04,-1.02987e+05
2.68342e+00,5.46773e+04,5.03762e+04,-1.05206e+05
2.67864e+00,1.25797e+04,5.88960e+04,-1.07355e+05
2.67386e+00,7.55504e+04,8.04208e+04,-1.09177e+05
2.66908e+00,2.90333e+05,1.24373e+05,-1.10937e+05
2.66430e+00,1.86041e+05,2.00749e+05,-1.12398e+05
2.65952e+00,3.76210e+05,3.07991e+05,-1.13934e+05
2.65474e+00,1.63795e+05,4.20282e+05,-1.15092e+05
2.64996e+00,2.56960e+05,4.92139e+05,-1.16151e+05
2.64518e+00,-3.43487e+04,4.88074e+05,-1.17006e+05
2.64040e+00,9.49569e+04,4.14435e+05,-1.17669e+05
2.63563e+00,-5.37278e+04,3.20261e+05,-1.18176e+05
2.63085e+00,-4.41069e+05,2.64903e+05,-1.18499e+05
2.62607e+00,-2.94288e+05,2.80880e+05,-1.18844e+05
2.62129e+00,-1.63953e+05,3.56019e+05,-1.19198e+05
2.61651e+00,2.34708e+04,4.41942e+05,-1.19582e+05
2.61173e+00,5.78995e+04,4.85682e+05,-1.19928e+05
2.60695e+00,-7.19467e+04,4.65442e+05,-1.20292e+05
2.60217e+00,-2.20844e+05,4.01175e+05,-1.20637e+05
2.59739e+00,5.87628e+04,3.33150e+05,-1.20826e+05
2.59261e+00,-1.39871e+05,2.94023e+05,-1.20918e+05
2.58783e+00,-3.84712e+05,2.97931e+05,-1.21061e+05
2.58306e+00,-2.16569e+05,3.42572e+05,-1.21050e+05
2.57828e+00,7.66807e+03,4.09443e+05,-1.20981e+05
2.57350e+00,1.33836e+05,4.63050e+05,-1.20715e+05
2.56872e+00,-1.65219e+05,4.63579e+05,-1.20388e+05
2.56394e+00,8.58577e+04,3.93917e+05,-1.20132e+05
2.55916e+00,7.00303e+05,2.75894e+05,-1.19848e+05
2.55438e+00,4.29449e+05,1.54549e+05,-1.19480e+05
2.54960e+00,3.71459e+05,6.53479e+04,-1.19151e+05
2.54482e+00,4.27374e+05,1.69167e+04,-1.18426e+05
2.54004e+00,5.01182e+04,-1.40420e+03,-1.17734e+05
2.53527e+00,2.57507e+05,-3.78462e+03,-1.17092e+05
2.53049e+00,2.80206e+05,8.90769e+02,-1.16402e+05
2.52571e+00,3.91506e+05,9.99278e+03,-1.15668e+05
2.52093e+00,2.60137e+05,2.58923e+04,-1.14646e+05
2.51615e+00,2.71172e+05,5.56097e+04,-1.13446e+05
2.51137e+00,1.83446e+04,1.09738e+05,-1.12213e+05
2.50659e+00,1.70141e+04,1.96000e+05,-1.10932e+05
2.50181e+00,2.78588e+04,3.06503e+05,-1.09774e+05
2.49703e+00,5.06369e+04,4.09784e+05,-1.08594e+05
2.49225e+00,1.01856e+05,4.63870e+05,-1.07293e+05
2.48747e+00,-7.60348e+04,4.46635e+05,-1.06038e+05
2.48270e+00,1.02749e+05,3.73925e+05,-1.04751e+05
2.47792e+00,-2.53088e+05,2.85488e+05,-1.03234e+05
2.47314e+00,7.46929e+04,2.15604e+05,-1.01689e+05
2.46836e+00,2.73449e+05,1.77620e+05,-1.00133e+05
2.46358e+00,3.55385e+05,1.68235e+05,-9.84010e+04
2.45880e+00,2.82863e+05,1.77247e+05,-9.65503e+04
2.45402e+00,-3.24739e+04,1.92601e+05,-9.46457e+04
2.44924e+00,1.23563e+05,2.02696e+05,-9.26196e+04
2.44446e+00,-2.11776e+04,2.00291e+05,-9.06102e+04
2.43968e+00,1.99032e+05,1.86094e+05,-8.86049e+04
2.43490e+00,5.39456e+05,1.67176e+05,-8.65043e+04
2.43013e+00,1.47009e+05,1.50807e+05,-8.45143e+04
2.42535e+00,3.30095e+05,1.39864e+05,-8.25102e+04
2.42057e+00,-4.34885e+04,1.33313e+05,-8.05655e+04
2.41579e+00,5.01341e+05,1.29352e+05,-7.86403e+04
2.41101e+00,6.18053e+04,1.27557e+05,-7.67691e+04
2.40623e+00,2.96527e+05,1.29078e+05,-7.50682e+04
2.40145e+00,2.64386e+05,1.35853e+05,-7.35128e+04
2.39667e+00,1.75233e+05,1.49751e+05,-7.22502e+04
2.39189e+00,1.36682e+05,1.71807e+05,-7.12639e+04
2.38711e+00,1.97388e+03,2.01273e+05,-7.05457e+04
2.38234e+00,-8.22449e+04,2.34359e+05,-7.01256e+04
2.37756e+00,5.19992e+04,2.63609e+05,-6.99167e+04
2.37278e+00,1.83497e+05,2.79913e+05,-6.99331e+04
2.36800e+00,5.74218e+03,2.77508e+05,-7.01968e+04
2.36322e+00,1.76068e+05,2.58330e+05,-7.06628e+04
2.35844e+00,-1.53451e+04,2.31240e+05,-7.15406e+04
2.35366e+00,1.74794e+05,2.06606e+05,-7.27082e+04
2.34888e+00,-3.87110e+04,1.91331e+05,-7.40673e+04
2.34410e+00,1.43529e+05,1.87679e+05,-7.57259e+04
2.33932e+00,8.64462e+04,1.94668e+05,-7.77687e+04
2.33454e+00,4.49630e+05,2.09422e+05,-8.01847e+04
2.32977e+00,1.36142e+05,2.27659e+05,-8.28514e+04
2.32499e+00,9.57098e+04,2.44080e+05,-8.56042e+04
2.32021e+00,1.68603e+05,2.53513e+05,-8.87430e+04
2.31543e+00,1.23384e+05,2.52629e+05,-9.19911e+04
2.31065e+00,1.24100e+05,2.41268e+05,-9.49307e+04
2.30587e+00,4.29859e+05,2.22436e+05,-9.76441e+04
2.30109e+00,2.27050e+05,2.00947e+05,-1.00104e+05
2.29631e+00,4.59377e+04,1.81625e+05,-1.02166e+05
2.29153e+00,2.07615e+05,1.68073e+05,-1.04197e+05
2.28675e+00,6.88938e+04,1.62318e+05,-1.05988e+05
2.28197e+00,3.38334e+05,1.64908e+05,-1.07616e+05
2.27720e+00,2.27591e+05,1.74909e+05,-1.09191e+05
2.27242e+00,1.16782e+05,1.89750e+05,-1.10922e+05
2.26764e+00,1.82263e+05,2.05360e+05,-1.12761e+05
2.26286e+00,-1.88141e+04,2.17109e+05,-1.14651e+05
2.25808e+00,2.07539e+05,2.21419e+05,-1.16533e+05
2.25330e+00,1.50355e+05,2.17161e+05,-1.18272e+05
2.24852e+00,2.45186e+05,2.05913e+05,-1.19813e+05
2.24374e+00,4.32723e+04,1.90941e+05,-1.21275e+05
2.23896e+00,2.66337e+05,1.75664e+05,-1.22777e+05
2.23418e+00,1.07237e+05,1.62538e+05,-1.24138e+05
2.22941e+00,-1.13736e+05,1.52767e+05,-1.25656e+05
2.22463e+00,-3.42809e+04,1.46602e+05,-1.27178e+05
2.21985e+00,-1.30869e+04,1.43797e+05,-1.28629e+05
2.21507e+00,2.97629e+04,1.43956e+05,-1.30038e+05
2.21029e+00,8.28733e+04,1.46701e+05,-1.31223e+05
2.20551e+00,-2.25307e+05,1.51667e+05,-1.32514e+05
2.20073e+00,-1.30778e+05,1.58367e+05,-1.33737e+05
2.19595e+00,1.85302e+05,1.65975e+05,-1.34956e+05
2.19117e+00,-1.86635e+05,1.73225e+05,-1.36186e+05
2.18639e+00,4.42785e+04,1.78627e+05,-1.37040e+05
2.18161e+00,-2.75244e+05,1.81069e+05,-1.37702e+05
2.17684e+00,-6.94610e+03,1.80512e+05,-1.38127e+05
2.17206e+00,-1.61054e+05,1.78281e+05,-1.38460e+05
2.16728e+00,-7.95942e+04,1.76676e+05,-1.38497e+05
2.16250e+00,-4.34578e+04,1.78066e+05,-1.38330e+05
2.15772e+00,-5.81296e+04,1.83988e+05,-1.37998e+05
2.15294e+00,-2.12985e+05,1.94655e+05,-1.37632e+05
2.14816e+00,-1.24628e+05,2.08922e+05,-1.37215e+05
2.14338e+00,1.60576e+05,2.24604e+05,-1.36660e+05
2.13860e+00,2.28918e+05,2.39074e+05,-1.36109e+05
2.13382e+00,1.55209e+05,2.50054e+05,-1.35583e+05
2.12904e+00,1.34431e+04,2.56369e+05,-1.35034e+05
2.12427e+00,1.19193e+05,2.58325e+05,-1.34415e+05
2.11949e+00,-2.14715e+05,2.57514e+05,-1.33752e+05
2.11471e+00,1.24243e+05,2.56232e+05,-1.32867e+05
2.10993e+00,-1.79774e+04,2.56865e+05,-1.31822e+05
2.10515e+00,-8.43382e+04,2.61478e+05,-1.30558e+05
2.10037e+00,-7.27954e+03,2.71658e+05,-1.29102e+05
2.09559e+00,-9.44159e+04,2.88539e+05,-1.27549e+05
2.09081e+00,2.55947e+04,3.12979e+05,-1.25877e+05
2.08603e+00,3.27817e+05,3.45833e+05,-1.23882e+05
2.08125e+00,3.18783e+04,3.88311e+05,-1.21703e+05
2.07648e+00,3.42731e+05,4.42476e+05,-1.19479e+05
2.07170e+00,5.54202e+05,5.11963e+05,-1.17119e+05
2.06692e+00,6.14901e+05,6.02939e+05,-1.14798e+05
2.06214e+00,7.59080e+05,7.24998e+05,-1.12459e+05
2.05736e+00,1.11821e+06,8.91157e+05,-1.10014e+05
2.05258e+00,9.23744e+05,1.11564e+06,-1.07585e+05
2.04780e+00,1.44734e+06,1.40841e+06,-1.05117e+05
2.04302e+00,1.61926e+06,1.76836e+06,-1.02508e+05
2.03824e+00,1.69912e+06,2.18206e+06,-9.97689e+04
2.03346e+00,1.85300e+06,2.63611e+06,-9.66925e+04
2.02868e+00,2.46766e+06,3.13415e+06,-9.36556e+04
2.02391e+00,3.44369e+06,3.68344e+06,-9.06287e+04
2.01913e+00,4.19445e+06,4.22835e+06,-8.75227e+04
2.01435e+00,4.93939e+06,4.59276e+06,-8.44739e+04
2.00957e+00,5.08877e+06,4.54827e+06,-8.12543e+04
2.00479e+00,4.29134e+06,4.00218e+06,-7.80607e+04
2.00001e+00,3.30798e+06,3.11184e+06,-7.48279e+04
1.99523e+00,2.50240e+06,2.17969e+06,-7.16732e+04
1.99045e+00,1.40139e+06,1.44216e+06,-6.84219e+04
1.98567e+00,8.46392e+05,9.65037e+05,-6.50488e+04
1.98089e+00,4.90053e+05,6.91903e+05,-6.15610e+04
1.97611e+00,1.84092e+05,5.38230e+05,-5.80467e+04
1.97134e+00,5.48777e+05,4.43149e+05,-5.46484e+04
1.96656e+00,1.15107e+05,3.75201e+05,-5.12839e+04
1.96178e+00,2.77515e+05,3.21406e+05,-4.79318e+04
1.95700e+00,2.41271e+05,2.77506e+05,-4.46554e+04
1.95222e+00,-6.37199e+04,2.42607e+05,-4.14200e+04
1.94744e+00,3.62445e+05,2.16643e+05,-3.80980e+04
1.94266e+00,3.37742e+05,1.99293e+05,-3.49412e+04
1.93788e+00,2.22089e+05,1.89640e+05,-3.16852e+04
1.93310e+00,2.78963e+05,1.86147e+05,-2.85562e+04
1.92832e+00,1.63377e+05,1.86710e+05,-2.54066e+04
1.92355e+00,4.07936e+05,1.88747e+05,-2.23777e+04
1.91877e+00,9.33678e+04,1.89486e+05,-1.95249e+04
1.91399e+00,-1.47557e+05,1.86543e+05,-1.66926e+04
1.90921e+00,-1.36623e+04,1.78652e+05,-1.39839e+04
1.90443e+00,2.18702e+05,1.66130e+05,-1.14577e+04
1.89965e+00,6.60880e+04,1.50726e+05,-9.23043e+03
1.89487e+00,1.29552e+05,1.34892e+05,-6.97836e+03
1.89009e+00,1.07504e+05,1.20910e+05,-4.60195e+03
1.88531e+00,8.51319e+04,1.10327e+05,-2.30528e+03
1.88053e+00,1.99554e+05,1.03833e+05,-8.61232e+01
1.87575e+00,3.83239e+05,1.01398e+05,2.11384e+03
1.87098e+00,4.21406e+05,1.02440e+05,4.05490e+03
1.86620e+00,3.35659e+05,1.05918e+05,5.85850e+03
1.86142e+00,4.83945e+05,1.10440e+05,7.39788e+03
1.85664e+00,1.04819e+05,1.14505e+05,8.76550e+03
1.85186e+00,2.21813e+05,1.16893e+05,9.96460e+03
1.84708e+00,3.05824e+05,1.17021e+05,1.11159e+04
1.84230e+00,3.46699e+05,1.15062e+05,1.20758e+04
1.83752e+00,1.12100e+05,1.11742e+05,1.29682e+04
1.83274e+00,2.40768e+05,1.07965e+05,1.37130e+04
1.82796e+00,-8.33657e+04,1.04497e+05,1.43758e+04
1.82318e+00,2.71296e+04,1.01810e+05,1.51230e+04
1.81841e+00,-1.08947e+05,1.00103e+05,1.58853e+04
1.81363e+00,-1.80625e+05,9.93754e+04,1.66512e+04
1.80885e+00,1.02782e+05,9.94886e+04,1.74830e+04
1.80407e+00,1.48955e+05,1.00205e+05,1.82149e+04
1.79929e+00,2.61771e+05,1.01221e+05,1.90705e+04
1.79451e+00,4.41359e+05,1.02229e+05,1.99683e+04
1.78973e+00,-2.26258e+05,1.02975e+05,2.05396e+04
1.78495e+00,-3.21926e+04,1.03307e+05,2.07183e+04
1.78017e+00,1.11657e+05,1.03177e+05,2.08043e+04
1.77539e+00,4.31563e+04,1.02610e+05,2.07953e+04
1.77062e+00,3.06375e+05,1.01668e+05,2.08131e+04
1.76584e+00,-4.97142e+04,1.00414e+05,2.09154e+04
1.76106e+00,-1.41026e+04,9.88957e+04,2.12900e+04
1.75628e+00,-6.95014e+04,9.71406e+04,2.18691e+04
1.75150e+00,6.47844e+04,9.51651e+04,2.24317e+04
1.74672e+00,2.68350e+05,9.29804e+04,2.30016e+04
1.74194e+00,4.68896e+05,9.05978e+04,2.35941e+04
1.73716e+00,2.01620e+05,8.80312e+04,2.41496e+04
1.73238e+00,-1.18644e+05,8.52978e+04,2.45351e+04
1.72760e+00,1.62212e+04,8.24182e+04,2.46798e+04
1.72282e+00,1.45556e+04,7.94158e+04,2.48548e+04
1.71805e+00,1.97768e+05,7.63164e+04,2.49078e+04
1.71327e+00,1.86406e+05,7.31471e+04,2.49619e+04
1.70849e+00,1.50457e+05,6.99354e+04,2.49085e+04
1.70371e+00,2.07428e+03,6.67083e+04,2.46934e+04
1.69893e+00,3.37053e+05,6.34917e+04,2.44466e+04
1.69415e+00,1.85640e+05,6.03101e+04,2.42619e+04
1.68937e+00,2.30742e+05,5.71860e+04,2.41476e+04
1.68459e+00,8.83120e+04,5.41398e+04,2.40652e+04
1.67981e+00,-1.08654e+05,5.11899e+04,2.39576e+04
1.67503e+00,1.87635e+05,4.83517e+04,2.40343e+04
1.67025e+00,-6.18698e+03,4.56385e+04,2.40042e+04
1.66548e+00,3.78574e+04,4.30604e+04,2.38515e+04
1.66070e+00,-2.78946e+05,4.06253e+04,2.36976e+04
1.65592e+00,1.36162e+05,3.83384e+04,2.34544e+04
1.65114e+00,2.94554e+05,3.62024e+04,2.30943e+04
1.64636e+00,-4.82678e+04,3.42182e+04,2.27383e+04
1.64158e+00,1.07268e+05,3.23846e+04,2.22863e+04
1.63680e+00,1.29186e+05,3.06989e+04,2.17428e+04
1.63202e+00,-4.02585e+04,2.91568e+04,2.12983e+04
1.62724e+00,-1.22001e+05,2.77531e+04,2.09025e+04
1.62246e+00,-2.44033e+05,2.64817e+04,2.06146e+04
1.61769e+00,2.37882e+04,2.53359e+04,2.03421e+04
1.61291e+00,-3.45346e+04,2.43088e+04,2.02775e+04
1.60813e+00,3.25461e+05,2.33932e+04,2.01977e+04
1.60335e+00,-7.12928e+04,2.25820e+04,2.01694e+04
1.59857e+00,-7.83224e+04,2.18686e+04,2.03097e+04
1.59379e+00,9.23565e+04,2.12466e+04,2.05444e+04
1.58901e+00,-2.48604e+04,2.07105e+04,2.06514e+04
1.58423e+00,1.84595e+05,2.02555e+04,2.07371e+04
1.57945e+00,7.00996e+04,1.98777e+04,2.06869e+04
1.57467e+00,2.47644e+04,1.95748e+04,2.05271e+04
1.56989e+00,-3.55396e+04,1.93459e+04,2.01897e+04
1.56512e+00,3.54706e+04,1.91920e+04,1.97580e+04
1.56034e+00,2.77526e+05,1.91169e+04,1.91930e+04
1.55556e+00,2.95391e+05,1.91281e+04,1.85176e+04
1.55078e+00,-1.46524e+05,1.92380e+04,1.78526e+04
1.54600e+00,1.59781e+04,1.94674e+04,1.73814e+04
1.54122e+00,5.32405e+05,1.98500e+04,1.66680e+04
1.53644e+00,1.01378e+05,2.04438e+04,1.57697e+04
1.53166e+00,1.53596e+05,2.13560e+04,1.46875e+04
1.52688e+00,-1.04380e+05,2.28061e+04,1.35521e+04
1.52210e+00,1.00988e+05,2.52665e+04,1.24142e+04
1.51732e+00,2.14284e+05,2.97009e+04,1.11670e+04
1.51255e+00,-1.49675e+05,3.77156e+04,1.00347e+04
1.50777e+00,-2.11212e+05,5.10202e+04,8.69627e+03
1.50299e+00,2.03799e+05,6.95476e+04,7.37443e+03
1.49821e+00,1.76945e+05,8.90271e+04,6.23215e+03
1.49343e+00,-7.25007e+03,1.01100e+05,5.15613e+03
1.48865e+00,-6.10615e+03,9.82348e+04,4.21214e+03
1.48387e+00,8.75017e+04,8.00544e+04,3.16379e+03
1.47909e+00,1.06861e+05,5.42333e+04,1.96441e+03
1.47431e+00,1.26557e+05,3.05711e+04,7.38645e+02
1.46953e+00,-1.25803e+05,1.46353e+04,-4.01888e+02
1.46476e+00,2.19555e+04,6.66390e+03,-1.55461e+03
1.45998e+00,-1.58747e+05,4.72351e+03,-2.64021e+03
1.45520e+00,4.95165e+04,7.96409e+03,-3.74111e+03
1.45042e+00,1.82093e+05,1.75656e+04,-4.62732e+03
1.44564e+00,5.75776e+04,3.50120e+04,-5.42596e+03
1.44086e+00,7.70473e+04,5.86384e+04,-6.26817e+03
1.43608e+00,2.98910e+05,8.15202e+04,-7.07091e+03
1.43130e+00,1.31391e+04,9.43013e+04,-8.03090e+03
1.42652e+00,2.15585e+05,9.18503e+04,-8.95225e+03
1.42174e+00,3.14561e+05,7.71497e+04,-9.92693e+03
1.41696e+00,-1.35044e+05,5.82480e+04,-1.09360e+04
1.41219e+00,-7.30976e+04,4.20462e+04,-1.20660e+04
1.40741e+00,9.15092e+04,3.11021e+04,-1.31167e+04
1.40263e+00,-1.19104e+05,2.46718e+04,-1.39880e+04
1.39785e+00,-1.01960e+05,2.10519e+04,-1.48773e+04
1.39307e+00,1.75403e+05,1.89189e+04,-1.57054e+04
1.38829e+00,-1.18925e+05,1.75416e+04,-1.64733e+04
1.38351e+00,-3.31775e+04,1.65722e+04,-1.71718e+04
1.37873e+00,-1.40337e+05,1.58469e+04,-1.78766e+04
1.37395e+00,1.21011e+05,1.52820e+04,-1.87057e+04
1.36917e+00,3.28783e+04,1.48302e+04,-1.94709e+04
1.36439e+00,5.86566e+04,1.44621e+04,-2.01494e+04
1.35962e+00,2.20958e+05,1.41588e+04,-2.05828e+04
1.35484e+00,2.22548e+04,1.39076e+04,-2.10926e+04
1.35006e+00,-2.15103e+05,1.37000e+04,-2.16743e+04
1.34528e+00,-1.22758e+05,1.35305e+04,-2.21906e+04
1.34050e+00,-4.38442e+04,1.33957e+04,-2.28086e+04
1.33572e+00,-1.01592e+05,1.32940e+04,-2.33410e+04
1.33094e+00,-1.11270e+05,1.32254e+04,-2.38347e+04
1.32616e+00,1.34687e+05,1.31909e+04,-2.44047e+04
1.32138e+00,-2.31480e+05,1.31932e+04,-2.49317e+04
1.31660e+00,-2.30096e+05,1.32357e+04,-2.52289e+04
1.31183e+00,-8.80384e+04,1.33234e+04,-2.53026e+04
1.30705e+00,1.18493e+05,1.34625e+04,-2.51863e+04
1.30227e+00,-1.32887e+05,1.36602e+04,-2.50997e+04
1.29749e+00,-2.07320e+05,1.39255e+04,-2.49583e+04
1.29271e+00,-3.50182e+05,1.42683e+04,-2.46224e+04
1.28793e+00,-8.83960e+03,1.47000e+04,-2.41256e+04
1.28315e+00,-1.67352e+05,1.52336e+04,-2.36047e+04
1.27837e+00,-3.98862e+04,1.58830e+04,-2.30919e+04
1.27359e+00,3.94430e+05,1.66636e+04,-2.24751e+04
1.26881e+00,-2.30452e+05,1.75917e+04,-2.17840e+04
1.26403e+00,1.01509e+05,1.86847e+04,-2.12336e+04
1.25926e+00,2.37913e+05,1.99604e+04,-2.08218e+04
1.25448e+00,-2.04686e+05,2.14371e+04,-2.02286e+04
1.24970e+00,1.98238e+05,2.31328e+04,-1.96359e+04
1.24492e+00,1.74161e+04,2.50650e+04,-1.91828e+04
1.24014e+00,-2.18699e+05,2.72503e+04,-1.87440e+04
1.23536e+00,4.28785e+04,2.97035e+04,-1.83174e+04
1.23058e+00,9.21671e+04,3.24370e+04,-1.78031e+04
1.22580e+00,-1.04312e+05,3.54604e+04,-1.71089e+04
1.22102e+00,9.66944e+04,3.87797e+04,-1.63957e+04
1.21624e+00,6.94723e+04,4.23964e+04,-1.56953e+04
1.21146e+00,2.17942e+05,4.63071e+04,-1.51546e+04
1.20669e+00,1.00543e+05,5.05031e+04,-1.46070e+04
1.20191e+00,-2.21301e+05,5.49693e+04,-1.37692e+04
1.19713e+00,9.62177e+04,5.96844e+04,-1.30128e+04
1.19235e+00,-1.21270e+05,6.46204e+04,-1.21880e+04
1.18757e+00,-4.09216e+03,6.97425e+04,-1.13494e+04
1.18279e+00,-3.53986e+03,7.50093e+04,-1.05250e+04
1.17801e+00,-6.87150e+03,8.03732e+04,-9.65613e+03
1.17323e+00,1.28604e+05,8.57806e+04,-8.74030e+03
1.16845e+00,1.36448e+05,9.11730e+04,-7.86551e+03
1.16367e+00,1.90199e+05,9.64876e+04,-7.08942e+03
1.15890e+00,1.18120e+05,1.01659e+05,-6.33878e+03
1.15412e+00,1.30925e+05,1.06619e+05,-5.66366e+03
1.14934e+00,1.08591e+05,1.11300e+05,-5.00550e+03
1.14456e+00,2.98139e+05,1.15636e+05,-4.18005e+03
1.13978e+00,2.21989e+05,1.19562e+05,-3.40581e+03
1.13500e+00,9.54981e+04,1.23020e+05,-2.73341e+03
1.13022e+00,2.24927e+05,1.25955e+05,-2.16438e+03
1.12544e+00,3.30957e+05,1.28321e+05,-1.57497e+03
1.12066e+00,3.04383e+05,1.30079e+05,-9.91001e+02
1.11588e+00,2.29995e+04,1.31201e+05,-3.65292e+02
1.11110e+00,3.80808e+04,1.31668e+05,3.67906e+02
1.10633e+00,1.54777e+05,1.31472e+05,1.10781e+03
1.10155e+00,-8.25705e+04,1.30616e+05,1.64743e+03
1.09677e+00,9.96576e+04,1.29113e+05,2.06453e+03
1.09199e+00,1.11611e+05,1.26989e+05,2.51312e+03
1.08721e+00,-8.94210e+04,1.24276e+05,2.92384e+03
1.08243e+00,2.17878e+05,1.21018e+05,3.31021e+03
1.07765e+00,5.35681e+05,1.17265e+05,3.78219e+03
1.07287e+00,2.75287e+05,1.13075e+05,4.13719e+03
1.06809e+00,1.82178e+05,1.08509e+05,4.27526e+03
1.06331e+00,1.56592e+05,1.03633e+05,4.35103e+03
1.05853e+00,1.67279e+05,9.85141e+04,4.47079e+03
1.05376e+00,-5.91675e+04,9.32203e+04,4.51969e+03
1.04898e+00,2.96781e+05,8.78182e+04,4.34883e+03
1.04420e+00,-4.71272e+04,8.23721e+04,4.08112e+03
1.03942e+00,1.39783e+05,7.69426e+04,3.79899e+03
1.03464e+00,1.68888e+05,7.15854e+04,3.54599e+03
1.02986e+00,-6.38683e+03,6.63511e+04,3.32058e+03
1.02508e+00,-9.16267e+04,6.12840e+04,3.29989e+03
1.02030e+00,-1.61756e+04,5.64219e+04,3.17844e+03
1.01552e+00,2.58674e+05,5.17958e+04,3.08023e+03
1.01074e+00,-8.22246e+04,4.74300e+04,3.02691e+03
1.00597e+00,-1.81951e+05,4.33424e+04,2.92209e+03
1.00119e+00,7.55820e+04,3.95445e+04,2.86076e+03
9.96407e-01,-3.48293e+04,3.60421e+04,2.82475e+03
9.91628e-01,1.28579e+05,3.28357e+04,2.57172e+03
9.86849e-01,2.77529e+05,2.99212e+04,2.41401e+03
9.82070e-01,1.73848e+05,2.72905e+04,2.37086e+03
9.77291e-01,-5.02931e+04,2.49322e+04,2.25620e+03
9.72512e-01,-1.81911e+05,2.28325e+04,2.18309e+03
9.67733e-01,-3.63439e+04,2.09754e+04,2.26439e+03
9.62954e-01,4.37554e+05,1.93436e+04,2.46602e+03
9.58175e-01,-2.03674e+05,1.79190e+04,2.72061e+03
9.53396e-01,1.16198e+05,1.66831e+04,2.79738e+03
9.48617e-01,-1.96735e+05,1.56178e+04,2.94059e+03
9.43838e-01,4.29910e+04,1.47051e+04,2.92922e+03
9.39058e-01,-3.70473e+04,1.39278e+04,2.87067e+03
9.34279e-01,-1.44432e+05,1.32699e+04,2.87830e+03
9.29500e-01,1.02011e+05,1.27162e+04,2.85030e+03
9.24721e-01,-9.64341e+04,1.22528e+04,3.00204e+03
9.19942e-01,-1.16404e+05,1.18673e+04,3.28048e+03
9.15163e-01,-1.65688e+04,1.15481e+04,3.66234e+03
9.10384e-01,8.72190e+04,1.12852e+04,4.02449e+03
9.05605e-01,1.97288e+05,1.10698e+04,4.37294e+03
9.00826e-01,3.10225e+04,1.08940e+04,4.61136e+03
8.96047e-01,-1.61045e+05,1.07511e+04,5.07095e+03
8.91268e-01,-5.65733e+04,1.06354e+04,5.60139e+03
8.86489e-01,-5.65543e+04,1.05419e+04,6.24895e+03
8.81710e-01,-2.22160e+04,1.04665e+04,6.92240e+03
8.76931e-01,5.22453e+04,1.04058e+04,7.71545e+03
8.72152e-01,2.94628e+04,1.03568e+04,8.67797e+03
8.67373e-01,1.68466e+04,1.03172e+04,9.43917e+03
8.62593e-01,-1.80983e+05,1.02851e+04,1.01010e+04
8.57814e-01,-1.08489e+05,1.02589e+04,1.07696e+04
8.53035e-01,1.37986e+05,1.02373e+04,1.14059e+04
8.48256e-01,5.03119e+04,1.02193e+04,1.21611e+04
8.43477e-01,8.91765e+04,1.02041e+04,1.29455e+04
8.38698e-01,7.58429e+04,1.01911e+04,1.36269e+04
8.33919e-01,1.57588e+04,1.01798e+04,1.44169e+04
8.29140e-01,-1.95594e+05,1.01698e+04,1.54143e+04
8.24361e-01,-1.13072e+04,1.01607e+04,1.64182e+04
8.19582e-01,6.59497e+03,1.01525e+04,1.75562e+04
8.14803e-01,1.62093e+04,1.01448e+04,1.87698e+04
8.10024e-01,-2.22914e+05,1.01375e+04,2.00177e+04
8.05245e-01,1.79055e+05,1.01306e+04,2.12925e+04
8.00466e-01,1.14390e+04,1.01240e+04,2.26570e+04
7.95687e-01,2.61705e+05,1.01176e+04,2.40169e+04
7.90908e-01,1.31167e+05,1.01114e+04,2.54798e+04
7.86128e-01,7.06167e+04,1.01054e+04,2.70491e+04
7.81349e-01,5.22853e+04,1.00994e+04,2.86394e+04
7.76570e-01,-1.73789e+04,1.00936e+04,3.01992e+04
7.71791e-01,-1.07044e+05,1.00879e+04,3.17705e+04
7.67012e-01,1.33670e+05,1.00823e+04,3.32914e+04
7.62233e-01,-6.74839e+04,1.00767e+04,3.46860e+04
7.57454e-01,7.68200e+04,1.00712e+04,3.59460e+04
7.52675e-01,-1.95902e+05,1.00658e+04,3.71492e+04
7.47896e-01,2.02993e+05,1.00605e+04,3.82988e+04
7.43117e-01,1.96700e+05,1.00552e+04,3.94636e+04
7.38338e-01,3.80040e+03,1.00500e+04,4.07517e+04
7.33559e-01,4.42505e+04,1.00448e+04,4.20572e+04
7.28780e-01,3.12877e+05,1.00397e+04,4.32962e+04
7.24001e-01,9.66555e+04,1.00347e+04,4.44949e+04
7.19222e-01,7.65756e+04,1.00297e+04,4.55580e+04
7.14443e-01,-8.31728e+04,1.00248e+04,4.67829e+04
7.09663e-01,1.19149e+05,1.00199e+04,4.79360e+04
7.04884e-01,-1.24133e+05,1.00151e+04,4.91553e+04
7.00105e-01,-9.77237e+03,1.00104e+04,5.01886e+04
6.95326e-01,2.33835e+05,1.00056e+04,5.11963e+04
6.90547e-01,2.78779e+04,1.00010e+04,5.21202e+04
6.85768e-01,3.51861e+05,9.99640e+03,5.29331e+04
6.80989e-01,2.37855e+05,9.99185e+03,5.37720e+04
6.76210e-01,1.40877e+05,9.98735e+03,5.45800e+04
6.71431e-01,-4.06928e+04,9.98290e+03,5.53080e+04
6.66652e-01,-3.51682e+04,9.97850e+03,5.59654e+04
6.61873e-01,-2.10588e+05,9.97415e+03,5.65571e+04
6.57094e-01,3.03052e+05,9.96984e+03,5.72879e+04
6.52315e-01,6.70462e+04,9.96558e+03,5.78992e+04
6.47536e-01,2.95617e+05,9.96137e+03,5.83640e+04
6.42757e-01,-2.19103e+04,9.95720e+03,5.87273e+04
6.37978e-01,7.33385e+04,9.95307e+03,5.89897e+04
6.33198e-01,2.08389e+05,9.94899e+03,5.91080e+04
6.28419e-01,-2.88972e+05,9.94495e+03,5.91561e+04
6.23640e-01,-8.70566e+04,9.94095e+03,5.92255e+04
6.18861e-01,2.08889e+04,9.93699e+03,5.91383e+04
6.14082e-01,1.76785e+05,9.93308e+03,5.89522e+04
6.09303e-01,3.12835e+05,9.92920e+03,5.86798e+04
6.04524e-01,1.11203e+05,9.92537e+03,5.84963e+04
5.99745e-01,3.22148e+04,9.92157e+03,5.81895e+04
5.94966e-01,1.69544e+05,9.91781e+03,5.78994e+04
5.90187e-01,5.75223e+04,9.91409e+03,5.75213e+04
5.85408e-01,-1.07891e+05,9.91041e+03,5.71038e+04
5.80629e-01,2.51781e+05,9.90676e+03,5.65014e+04
5.75850e-01,1.51709e+05,9.90316e+03,5.59316e+04
5.71071e-01,5.07470e+04,9.89958e+03,5.52453e+04
5.66292e-01,2.59184e+05,9.89604e+03,5.44193e+04
5.61513e-01,3.25857e+04,9.89254e+03,5.33897e+04
5.56733e-01,1.74993e+05,9.88907e+03,5.25333e+04
5.51954e-01,2.12277e+05,9.88564e+03,5.15841e+04
5.47175e-01,1.87849e+05,9.88224e+03,5.06178e+04
5.42396e-01,1.81183e+05,9.87887e+03,4.96494e+04
5.37617e-01,1.55440e+05,9.87554e+03,4.86941e+04
5.32838e-01,1.67306e+05,9.87223e+03,4.76441e+04
5.28059e-01,-2.39593e+05,9.86896e+03,4.65423e+04
5.23280e-01,-6.05194e+04,9.86572e+03,4.52800e+04
5.18501e-01,2.09170e+04,9.86251e+03,4.41138e+04
5.13722e-01,-7.40578e+04,9.85934e+03,4.28327e+04
5.08943e-01,4.20530e+04,9.85619e+03,4.15920e+04
5.04164e-01,2.25791e+04,9.85307e+03,4.03528e+04
4.99385e-01,1.01204e+05,9.84998e+03,3.91461e+04
4.94606e-01,-1.84719e+04,9.84692e+03,3.79833e+04
4.89827e-01,2.89900e+04,9.84389e+03,3.67812e+04
4.85048e-01,2.16316e+05,9.84088e+03,3.53342e+04
4.80268e-01,-1.29934e+05,9.83791e+03,3.39401e+04
4.75489e-01,2.40273e+04,9.83496e+03,3.26284e+04
4.70710e-01,1.73328e+05,9.83203e+03,3.11943e+04
4.65931e-01,1.46116e+05,9.82914e+03,2.97845e+04
4.61152e-01,-7.18779e+04,9.82627e+03,2.84461e+04
4.56373e-01,2.78268e+04,9.82343e+03,2.70227e+04
4.51594e-01,-1.33394e+04,9.82061e+03,2.57309e+04
4.46815e-01,3.78241e+04,9.81781e+03,2.44331e+04
4.42036e-01,8.10482e+04,9.81504e+03,2.31448e+04
4.37257e-01,1.60855e+05,9.81230e+03,2.20008e+04
4.32478e-01,7.86546e+04,9.80958e+03,2.09543e+04
4.27699e-01,-2.54677e+02,9.80688e+03,1.99039e+04
4.22920e-01,-9.29059e+04,9.80421e+03,1.89929e+04
4.18141e-01,2.30151e+05,9.80156e+03,1.81312e+04
4.13362e-01,-1.47743e+05,9.79893e+03,1.71836e+04
4.08583e-01,-1.14602e+04,9.79632e+03,1.63598e+04
4.03804e-01,-2.03781e+04,9.79374e+03,1.55035e+04
3.99024e-01,-1.85176e+04,9.79118e+03,1.48483e+04
3.94245e-01,-1.43164e+05,9.78863e+03,1.42049e+04
3.89466e-01,-6.20003e+04,9.78611e+03,1.36223e+04
3.84687e-01,1.54138e+05,9.78361e+03,1.30364e+04
3.79908e-01,-2.08708e+05,9.78113e+03,1.23034e+04
3.75129e-01,1.10954e+05,9.77866e+03,1.15723e+04
3.70350e-01,6.42497e+04,9.77622e+03,1.07652e+04
3.65571e-01,1.86991e+05,9.77379e+03,1.00416e+04
3.60792e-01,-1.73327e+05,9.77138e+03,9.51210e+03
3.56013e-01,8.24080e+04,9.76899e+03,9.29370e+03
3.51234e-01,-1.25743e+05,9.76661e+03,9.07855e+03
3.46455e-01,3.63109e+04,9.76425e+03,8.97380e+03
3.41676e-01,-6.02826e+04,9.76191e+03,8.97635e+03
3.36897e-01,2.13012e+05,9.75958e+03,8.82590e+03
3.32118e-01,-1.20408e+05,9.75727e+03,8.80613e+03
3.27339e-01,-1.80392e+05,9.75496e+03,8.87286e+03
3.22559e-01,-7.74244e+04,9.75267e+03,8.91353e+03
3.17780e-01,3.12502e+05,9.75040e+03,8.93686e+03
3.13001e-01,-8.21453e+04,9.74813e+03,8.91680e+03
3.08222e-01,-1.74595e+05,9.74587e+03,8.97536e+03
3.03443e-01,-1.46832e+04,9.74362e+03,9.28003e+03
2.98664e-01,7.63622e+04,9.74138e+03,9.74781e+03
2.93885e-01,-1.34818e+05,9.73915e+03,1.03825e+04
2.89106e-01,2.33061e+04,9.73692e+03,1.10081e+04
2.84327e-01,-1.18499e+05,9.73470e+03,1.18217e+04
2.79548e-01,1.79204e+05,9.73247e+03,1.24567e+04
2.74769e-01,-6.65775e+04,9.73025e+03,1.31485e+04
2.69990e-01,1.13832e+05,9.72803e+03,1.39046e+04
2.65211e-01,3.01941e+05,9.72581e+03,1.46007e+04
2.60432e-01,-3.37686e+04,9.72357e+03,1.52630e+04
2.55653e-01,-6.21258e+03,9.72133e+03,1.61013e+04
2.50874e-01,8.95291e+03,9.71908e+03,1.70857e+04
2.46094e-01,-4.67213e+05,9.71682e+03,1.80302e+04
2.41315e-01,-1.10757e+05,9.71454e+03,1.90510e+04
2.36536e-01,1.64575e+05,9.71224e+03,2.02770e+04
2.31757e-01,-2.49645e+05,9.70991e+03,2.13784e+04
2.26978e-01,2.16389e+05,9.70755e+03,2.24704e+04
2.22199e-01,1.10970e+05,9.70516e+03,2.35426e+04
2.17420e-01,2.12889e+04,9.70272e+03,2.46845e+04
2.12641e-01,3.61165e+05,9.70024e+03,2.57384e+04
2.07862e-01,-1.75435e+05,9.69770e+03,2.68798e+04
2.03083e-01,6.07779e+04,9.69509e+03,2.79431e+04
1.98304e-01,1.83806e+04,9.69241e+03,2.90587e+04
1.93525e-01,3.13513e+04,9.68964e+03,3.01654e+04
1.88746e-01,-8.75343e+04,9.68677e+03,3.14533e+04
1.83967e-01,3.94054e+05,9.68377e+03,3.26746e+04
1.79188e-01,1.96911e+05,9.68065e+03,3.38592e+04
1.74409e-01,8.53447e+04,9.67736e+03,3.50005e+04
1.69629e-01,1.18373e+04,9.67389e+03,3.62056e+04
1.64850e-01,-8.30703e+04,9.67021e+03,3.72645e+04
1.60071e-01,1.78944e+05,9.66627e+03,3.82658e+04
1.55292e-01,9.61789e+04,9.66205e+03,3.91570e+04
1.50513e-01,1.02978e+05,9.65748e+03,4.00571e+04
1.45734e-01,-1.68749e+05,9.65251e+03,4.09748e+04
1.40955e-01,2.45708e+04,9.64706e+03,4.18237e+04
1.36176e-01,1.35299e+05,9.64103e+03,4.26342e+04
1.31397e-01,-1.38418e+05,9.63433e+03,4.34726e+04
1.26618e-01,4.05182e+04,9.62680e+03,4.43491e+04
1.21839e-01,1.35776e+05,9.61828e+03,4.52056e+04
1.17060e-01,5.83395e+05,9.60854e+03,4.60051e+04
1.12281e-01,1.27424e+04,9.59730e+03,4.66220e+04
1.07502e-01,1.00907e+05,9.58422e+03,4.72951e+04
1.02723e-01,2.06122e+05,9.56889e+03,4.80100e+04
9.79435e-02,-1.77262e+05,9.55087e+03,4.87082e+04
9.31645e-02,6.08040e+04,9.52996e+03,4.92082e+04
8.83854e-02,6.77184e+04,9.50710e+03,4.97204e+04
8.36064e-02,-6.85518e+04,9.48677e+03,5.01014e+04
7.88273e-02,-2.58552e+05,9.48220e+03,5.04586e+04
7.40482e-02,-8.67902e+04,9.52295e+03,5.07698e+04
6.92692e-02,2.81714e+04,9.65844e+03,5.11447e+04
6.44901e-02,3.44407e+05,9.94410e+03,5.14089e+04
5.97110e-02,1.94910e+05,1.04013e+04,5.16345e+04
5.49320e-02,2.11132e+05,1.09715e+04,5.17488e+04
5.01529e-02,-1.32651e+05,1.15143e+04,5.16837e+04
4.53739e-02,2.73179e+05,1.18770e+04,5.14373e+04
4.05948e-02,-9.17890e+04,1.19883e+04,5.11305e+04
3.58157e-02,2.27135e+05,1.18920e+04,5.07385e+04
3.10367e-02,1.62459e+05,1.17001e+04,5.04397e+04
2.62576e-02,-3.25447e+03,1.15186e+04,5.00702e+04
2.14786e-02,-6.27682e+04,1.14049e+04,4.96418e+04
1.66995e-02,3.99974e+05,1.13614e+04,4.94395e+04
1.19204e-02,2.60588e+05,1.13475e+04,4.91264e+04
7.14137e-03,-1.06103e+04,1.13049e+04,4.88620e+04
2.36231e-03,1.89147e+05,1.11961e+04,4.85718e+04
-2.41676e-03,2.75372e+05,1.10338e+04,4.79078e+04
-7.19582e-03,-7.16677e+04,1.08734e+04,4.71167e+04
-1.19749e-02,1.95382e+04,1.07736e+04,4.62951e+04
-1.67539e-02,-1.49474e+05,1.07572e+04,4.54254e+04
-2.15330e-02,6.84660e+04,1.07955e+04,4.46804e+04
-2.63121e-02,-4.35638e+04,1.08108e+04,4.39554e+04
-3.10911e-02,2.28575e+05,1.06934e+04,4.32050e+04
-3.58702e-02,-7.72766e+04,1.03510e+04,4.24990e+04
-4.06493e-02,1.47652e+05,9.78353e+03,4.16112e+04
-4.54283e-02,-2.24810e+04,9.12223e+03,4.06980e+04
-5.02074e-02,2.99858e+05,8.56840e+03,3.97383e+04
-5.49864e-02,-1.38066e+05,8.26632e+03,3.88314e+04
-5.97655e-02,6.23101e+03,8.22559e+03,3.77380e+04
-6.45446e-02,8.73856e+04,8.35311e+03,3.67695e+04
-6.93236e-02,-7.31063e+03,8.53927e+03,3.59612e+04
-7.41027e-02,-6.93767e+04,8.71489e+03,3.53613e+04
-7.88817e-02,-1.70579e+04,8.85577e+03,3.46438e+04
-8.36608e-02,-1.16190e+05,8.96262e+03,3.40337e+04
-8.84399e-02,1.34148e+05,9.04351e+03,3.35163e+04
-9.32189e-02,2.79394e+05,9.10601e+03,3.30072e+04
-9.79980e-02,1.78868e+04,9.15552e+03,3.26099e+04
-1.02777e-01,-1.32596e+05,9.19562e+03,3.20023e+04
-1.07556e-01,3.71931e+05,9.22869e+03,3.15625e+04
-1.12335e-01,7.54446e+04,9.25638e+03,3.10434e+04
-1.17114e-01,1.01338e+03,9.27984e+03,3.03804e+04
-1.21893e-01,-1.97431e+05,9.29994e+03,2.95911e+04
-1.26672e-01,-1.00682e+05,9.31731e+03,2.88665e+04
-1.31451e-01,1.48505e+05,9.33243e+03,2.85476e+04
-1.36230e-01,3.27631e+05,9.34568e+03,2.82889e+04
-1.41010e-01,4.35845e+04,9.35735e+03,2.79349e+04
-1.45789e-01,-2.41228e+05,9.36770e+03,2.78678e+04
-1.50568e-01,-6.96708e+04,9.37690e+03,2.76196e+04
-1.55347e-01,-3.75586e+04,9.38512e+03,2.73097e+04
-1.60126e-01,2.49500e+05,9.39249e+03,2.69430e+04
-1.64905e-01,1.00647e+05,9.39912e+03,2.66725e+04
-1.69684e-01,-5.75365e+04,9.40509e+03,2.63954e+04
-1.74463e-01,-3.00829e+04,9.41049e+03,2.59283e+04
-1.79242e-01,2.15438e+05,9.41538e+03,2.54347e+04
-1.84021e-01,-9.76656e+04,9.41982e+03,2.50555e+04
-1.88800e-01,-3.31859e+05,9.42385e+03,2.47726e+04
-1.93579e-01,-1.24806e+05,9.42752e+03,2.45696e+04
-1.98358e-01,-2.88332e+04,9.43087e+03,2.42788e+04
-2.03137e-01,6.02794e+04,9.43392e+03,2.40649e+04
-2.07916e-01,1.38140e+05,9.43670e+03,2.38218e+04
-2.12695e-01,3.73615e+04,9.43924e+03,2.37148e+04
-2.17475e-01,-1.18613e+05,9.44156e+03,2.35715e+04
-2.22254e-01,2.93176e+05,9.44368e+03,2.35104e+04
-2.27033e-01,-8.17219e+04,9.44562e+03,2.34220e+04
-2.31812e-01,2.26420e+05,9.44739e+03,2.35723e+04
-2.36591e-01,5.33492e+04,9.44901e+03,2.38842e+04
-2.41370e-01,-2.04587e+05,9.45049e+03,2.41943e+04
-2.46149e-01,-4.21744e+04,9.45183e+03,2.44644e+04
-2.50928e-01,-1.15661e+05,9.45306e+03,2.48314e+04
-2.55707e-01,2.60253e+05,9.45417e+03,2.51201e+04
-2.60486e-01,1.56373e+05,9.45518e+03,2.53517e+04
-2.65265e-01,3.97270e+04,9.45609e+03,2.54366e+04
-2.70044e-01,3.23595e+04,9.45692e+03,2.55625e+04
-2.74823e-01,-1.62266e+05,9.45766e+03,2.56277e+04
-2.79602e-01,-1.03440e+05,9.45833e+03,2.56639e+04
-2.84381e-01,-1.19808e+04,9.45893e+03,2.55765e+04
-2.89160e-01,-1.59523e+04,9.45945e+03,2.55286e+04
-2.93940e-01,1.78421e+05,9.45992e+03,2.54089e+04
-2.98719e-01,-2.08730e+05,9.46033e+03,2.53900e+04
-3.03498e-01,-3.59841e+04,9.46068e+03,2.53727e+04
-3.08277e-01,2.33523e+05,9.46098e+03,2.53573e+04
-3.13056e-01,4.44993e+05,9.46124e+03,2.53969e+04
-3.17835e-01,-1.69820e+05,9.46145e+03,2.53425e+04
-3.22614e-01,3.97906e+05,9.46161e+03,2.52346e+04
-3.27393e-01,1.03710e+05,9.46174e+03,2.51049e+04
-3.32172e-01,7.47022e+03,9.46183e+03,2.47889e+04
-3.36951e-01,2.17739e+05,9.46189e+03,2.44160e+04
-3.41730e-01,-1.90116e+05,9.46191e+03,2.42171e+04
-3.46509e-01,4.12291e+05,9.46190e+03,2.39466e+04
-3.51288e-01,-2.20415e+05,9.46186e+03,2.36396e+04
-3.56067e-01,-8.35504e+04,9.46179e+03,2.35194e+04
-3.60846e-01,-2.27105e+05,9.46170e+03,2.35047e+04
-3.65625e-01,7.88133e+04,9.46158e+03,2.34236e+04
-3.70405e-01,3.48917e+05,9.46144e+03,2.32476e+04
-3.75184e-01,1.90415e+05,9.46128e+03,2.31573e+04
-3.79963e-01,-2.26423e+05,9.46109e+03,2.31209e+04
-3.84742e-01,4.73869e+05,9.46089e+03,2.33073e+04
-3.89521e-01,-1.29923e+05,9.46066e+03,2.34463e+04
-3.94300e-01,-1.16544e+05,9.46042e+03,2.34351e+04
-3.99079e-01,-1.14032e+05,9.46017e+03,2.32666e+04
-4.03858e-01,3.44237e+05,9.45989e+03,2.30368e+04
-4.08637e-01,3.16926e+05,9.45960e+03,2.29923e+04
-4.13416e-01,-2.41971e+05,9.45930e+03,2.28590e+04
-4.18195e-01,-1.32150e+04,9.45898e+03,2.28162e+04
-4.22974e-01,-3.27302e+04,9.45865e+03,2.27720e+04
-4.27753e-01,7.80390e+04,9.45831e+03,2.27165e+04
-4.32532e-01,2.70938e+04,9.45796e+03,2.26533e+04
-4.37311e-01,1.79601e+04,9.45759e+03,2.23657e+04
-4.42090e-01,-4.13604e+04,9.45722e+03,2.19827e+04
-4.46870e-01,9.98413e+04,9.45683e+03,2.16085e+04
-4.51649e-01,1.28931e+05,9.45644e+03,2.11791e+04
-4.56428e-01,-1.70511e+05,9.45604e+03,2.07501e+04
-4.61207e-01,2.44752e+05,9.45563e+03,2.02980e+04
-4.65986e-01,7.30121e+04,9.45521e+03,1.96510e+04
-4.70765e-01,1.70989e+05,9.45478e+03,1.91760e+04
-4.75544e-01,1.48100e+05,9.45434e+03,1.86594e+04
-4.80323e-01,7.53259e+04,9.45390e+03,1.81465e+04
-4.85102e-01,-2.04518e+05,9.45346e+03,1.76021e+04
-4.89881e-01,-1.55588e+03,9.45300e+03,1.69974e+04
-4.94660e-01,-2.33737e+04,9.45254e+03,1.62836e+04
-4.99439e-01,-6.96257e+04,9.45208e+03,1.55396e+04
-5.04218e-01,-8.88788e+04,9.45160e+03,1.48525e+04
-5.08997e-01,8.92686e+04,9.45113e+03,1.41384e+04
-5.13776e-01,-1.32802e+04,9.45065e+03,1.34086e+04
-5.18555e-01,-2.18082e+05,9.45016e+03,1.26551e+04
-5.23335e-01,-1.12275e+05,9.44967e+03,1.17853e+04
-5.28114e-01,5.94256e+03,9.44918e+03,1.09032e+04
-5.32893e-01,-5.91721e+04,9.44868e+03,9.98176e+03
-5.37672e-01,-1.87163e+04,9.44818e+03,9.03133e+03
-5.42451e-01,2.10043e+05,9.44768e+03,8.15273e+03
-5.47230e-01,6.63693e+04,9.44717e+03,7.10105e+03
-5.52009e-01,9.68378e+04,9.44666e+03,5.95076e+03
-5.56788e-01,-1.21988e+05,9.44615e+03,4.96221e+03
-5.61567e-01,2.55400e+04,9.44563e+03,4.21448e+03
-5.66346e-01,3.98092e+04,9.44512e+03,3.43528e+03
-5.71125e-01,-2.08226e+05,9.44459e+03,2.82317e+03
-5.75904e-01,-1.85848e+05,9.44407e+03,2.30455e+03
-5.80683e-01,1.54844e+05,9.44355e+03,1.93418e+03
-5.85462e-01,-1.01712e+05,9.44302e+03,1.56965e+03
-5.90241e-01,1.21964e+05,9.44249e+03,1.10097e+03
-5.95020e-01,8.80138e+04,9.44196e+03,7.77217e+02
-5.99799e-01,2.12513e+05,9.44143e+03,3.05833e+02
-6.04579e-01,-7.51095e+04,9.44090e+03,-1.50717e+02
-6.09358e-01,6.29657e+04,9.44036e+03,-6.62381e+02
-6.14137e-01,3.46603e+05,9.43983e+03,-1.02315e+03
-6.18916e-01,3.00852e+04,9.43929e+03,-1.19322e+03
-6.23695e-01,2.07469e+05,9.43875e+03,-1.40820e+03
-6.28474e-01,-7.85008e+04,9.43821e+03,-1.70728e+03
-6.33253e-01,-9.40819e+03,9.43767e+03,-1.88520e+03
-6.38032e-01,-1.96579e+05,9.43713e+03,-2.08532e+03
-6.42811e-01,-2.61213e+04,9.43659e+03,-2.28466e+03
-6.47590e-01,2.05998e+05,9.43605e+03,-2.61896e+03
-6.52369e-01,-2.23233e+05,9.43551e+03,-2.89854e+03
-6.57148e-01,3.13119e+05,9.43496e+03,-3.05323e+03
-6.61927e-01,9.15636e+04,9.43442e+03,-3.27020e+03
-6.66706e-01,-1.74770e+05,9.43388e+03,-3.44579e+03
-6.71485e-01,1.45533e+05,9.43333e+03,-3.58112e+03
-6.76264e-01,-7.69742e+04,9.43279e+03,-3.66679e+03
-6.81044e-01,-1.27790e+04,9.43225e+03,-3.68042e+03
-6.85823e-01,1.10267e+05,9.43170e+03,-3.65559e+03
-6.90602e-01,-1.14647e+05,9.43116e+03,-3.45846e+03
-6.95381e-01,-7.61352e+04,9.43061e+03,-3.19254e+03
-7.00160e-01,-2.56262e+04,9.43007e+03,-2.85402e+03
-7.04939e-01,-2.32987e+05,9.42952e+03,-2.47536e+03
-7.09718e-01,1.27842e+05,9.42898e+03,-1.92286e+03
-7.14497e-01,5.11273e+04,9.42844e+03,-1.32190e+03
-7.19276e-01,-1.62449e+05,9.42789e+03,-6.58083e+02
-7.24055e-01,-6.44515e+04,9.42735e+03,-3.58454e+01
-7.28834e-01,1.31328e+05,9.42681e+03,6.07653e+02
-7.33613e-01,-1.34713e+05,9.42627e+03,1.14522e+03
-7.38392e-01,1.03246e+05,9.42572e+03,1.76415e+03
-7.43171e-01,-9.02389e+04,9.42518e+03,2.52875e+03
-7.47950e-01,-1.64808e+05,9.42464e+03,3.26630e+03
-7.52729e-01,-2.57192e+04,9.42410e+03,3.97628e+03
-7.57509e-01,-3.66115e+04,9.42356e+03,4.61988e+03
-7.62288e-01,-3.85870e+04,9.42302e+03,5.12114e+03
-7.67067e-01,1.19876e+05,9.42248e+03,5.48233e+03
-7.71846e-01,-3.03725e+04,9.42194e+03,5.79349e+03
-7.76625e-01,-6.26158e+03,9.42141e+03,6.09723e+03
-7.81404e-01,9.98268e+03,9.42087e+03,6.39181e+03
-7.86183e-01,-1.21036e+05,9.42033e+03,6.73792e+03
-7.90962e-01,-1.38827e+05,9.41980e+03,7.30940e+03
-7.95741e-01,1.38261e+05,9.41926e+03,8.00243e+03
-8.00520e-01,9.15798e+04,9.41873e+03,8.77824e+03
-8.05299e-01,1.30769e+05,9.41820e+03,9.50958e+03
-8.10078e-01,-1.98580e+04,9.41766e+03,1.02072e+04
-8.14857e-01,1.17944e+05,9.41713e+03,1.10609e+04
-8.19636e-01,3.28599e+05,9.41660e+03,1.17415e+04
-8.24415e-01,-1.82674e+05,9.41607e+03,1.23687e+04
-8.29194e-01,-7.47121e+03,9.41554e+03,1.30629e+04
-8.33974e-01,-8.56391e+04,9.41502e+03,1.37964e+04
-8.38753e-01,-7.04281e+04,9.41449e+03,1.45669e+04
-8.43532e-01,1.34317e+05,9.41396e+03,1.54066e+04
-8.48311e-01,1.29471e+05,9.41344e+03,1.62997e+04
-8.53090e-01,2.56897e+05,9.41291e+03,1.70097e+04
-8.57869e-01,6.99822e+04,9.41239e+03,1.76870e+04
-8.62648e-01,-2.68618e+05,9.41187e+03,1.85191e+04
-8.67427e-01,6.51706e+04,9.41135e+03,1.93070e+04
-8.72206e-01,-2.02966e+05,9.41083e+03,2.00937e+04
-8.76985e-01,9.82298e+04,9.41031e+03,2.09644e+04
-8.81764e-01,1.32871e+05,9.40979e+03,2.16758e+04
-8.86543e-01,-1.56210e+05,9.40927e+03,2.22992e+04
-8.91322e-01,-2.15255e+05,9.40876e+03,2.28799e+04
-8.96101e-01,-4.05023e+04,9.40824e+03,2.34840e+04
-9.00880e-01,1.23399e+05,9.40773e+03,2.40544e+04
-9.05659e-01,1.12812e+05,9.40722e+03,2.47253e+04
-9.10439e-01,1.29568e+05,9.40670e+03,2.54505e+04
-9.15218e-01,3.83798e+04,9.40619e+03,2.61205e+04
-9.19997e-01,1.36326e+05,9.40568e+03,2.69146e+04
-9.24776e-01,7.46314e+04,9.40518e+03,2.76453e+04
-9.29555e-01,4.16200e+05,9.40467e+03,2.83700e+04
-9.34334e-01,5.71450e+04,9.40416e+03,2.90049e+04
-9.39113e-01,3.66150e+04,9.40366e+03,2.95219e+04
-9.43892e-01,2.68297e+05,9.40315e+03,3.00499e+04
-9.48671e-01,1.35689e+05,9.40265e+03,3.05836e+04
-9.53450e-01,4.41644e+04,9.40215e+03,3.10704e+04
-9.58229e-01,-2.22258e+04,9.40165e+03,3.16565e+04
-9.63008e-01,-2.18235e+05,9.40115e+03,3.22266e+04
-9.67787e-01,-1.17171e+04,9.40065e+03,3.27244e+04
-9.72566e-01,1.24529e+03,9.40016e+03,3.32968e+04
-9.77345e-01,1.94241e+05,9.39966e+03,3.40051e+04
-9.82124e-01,3.52882e+05,9.39917e+03,3.47393e+04
-9.86904e-01,3.65115e+04,9.39867e+03,3.54626e+04
-9.91683e-01,5.61328e+04,9.39818e+03,3.61010e+04
-9.96462e-01,-2.02425e+05,9.39769e+03,3.67619e+04
